TreeID,TreePosX,TreePosY,TreePosZ,TreeHeight(metre),DBH(metre),CrownDiameter(metre),CrownDiameter(S-N)(metre),CrownDiameter(E-W)(metre),CrownArea(square metre),CrownVolume(cubic metre),OldID,Cluster
2335,230799.993,455011.982,0.971,3.0,0.382,3.2,3.8,3.6,7.8,12.8,11116,0
3268,230838.794,455099.373,1.302,3.0,0.873,1.6,2.1,1.4,2.1,3.2,15845,0
3106,230896.609,455001.897,0.886,3.0,1.067,3.7,4.2,4.2,10.5,16.3,14986,0
2925,230901.943,454983.419,1.059,3.0,1.102,2.1,1.5,3.1,3.6,7.0,14012,0
1689,230709.686,455070.481,0.709,3.1,0.055,1.6,1.6,2.0,2.1,2.5,8540,0
1525,230733.972,455082.122,0.346,3.1,0.103,2.6,3.0,3.5,5.3,7.0,8081,0
3057,230860.479,455077.707,1.19,3.1,0.117,1.8,2.2,2.0,2.7,5.5,14580,0
3248,230915.785,455162.977,1.215,3.1,0.128,1.9,2.3,1.9,2.9,6.7,15669,0
2960,230863.26,454981.145,0.36,3.1,0.142,1.8,1.8,2.4,2.5,4.5,14000,0
3048,230889.854,454994.738,0.444,3.1,0.192,2.4,2.8,2.4,4.4,8.9,14841,0
3071,230861.933,454978.361,1.171,3.1,0.201,1.5,1.8,1.6,1.8,3.0,14666,0
3126,230890.002,454990.86,1.359,3.1,0.213,1.3,1.5,1.4,1.3,2.2,15029,0
2193,230819.718,454950.859,0.539,3.1,0.218,3.4,3.9,3.7,9.0,10.9,10623,0
3221,230903.415,455127.917,0.806,3.1,0.27,1.5,1.7,1.5,1.7,2.0,15344,0
2946,230860.167,454977.655,1.05,3.1,0.28,0.8,1.1,0.9,0.6,0.9,14053,0
3001,230866.173,455056.275,0.483,3.1,0.288,5.3,4.8,7.4,22.1,22.7,14311,0
1740,230735.016,455105.254,0.619,3.1,0.341,1.9,2.1,2.3,2.9,3.3,8731,0
3230,230870.224,455096.865,1.182,3.1,0.345,1.4,1.6,1.5,1.6,3.1,15838,0
2135,230813.492,454951.13,0.703,3.1,0.398,2.2,2.4,2.5,3.9,4.8,10226,0
3271,230859.65,455088.938,1.001,3.1,0.399,1.0,1.2,1.0,0.9,1.4,15833,0
2383,230791.172,455054.597,1.07,3.1,0.585,1.2,1.0,1.5,1.0,2.1,11506,0
2943,230863.447,454977.669,0.957,3.1,0.599,1.6,1.5,1.9,2.0,3.9,14097,0
2332,230819.256,455076.972,1.036,3.1,0.69,7.2,7.9,6.8,40.3,44.3,10976,0
2337,230796.82,455008.196,0.894,3.1,0.75,2.8,2.2,4.7,6.0,12.0,11490,0
3254,230862.936,455135.94,1.053,3.1,0.847,2.5,2.8,2.9,4.8,6.8,15841,0
2922,230900.144,454948.639,1.007,3.1,0.906,1.2,1.0,1.5,1.1,1.6,14241,0
3178,230862.147,455094.2,0.941,3.1,1.216,1.8,1.9,1.9,2.7,5.2,15452,0
3224,230860.621,455101.081,0.988,3.1,1.39,2.3,2.2,2.5,4.0,8.1,15490,0
3080,230898.806,454999.552,0.964,3.1,1.539,3.2,3.4,3.7,7.8,14.4,14522,0
3090,230865.634,454985.401,1.318,3.2,0.125,0.8,0.8,1.0,0.5,1.0,14765,0
2158,230794.131,454997.167,0.856,3.2,0.201,2.6,3.6,2.5,5.5,9.5,10670,0
2470,230829.97,455095.684,0.452,3.2,0.229,2.5,3.5,3.3,5.0,6.1,11740,0
2326,230795.304,455008.87,0.39,3.2,0.263,1.8,1.9,1.8,2.5,3.1,11311,0
2955,230854.408,454972.83,1.105,3.2,0.343,2.6,2.6,3.4,5.4,11.2,14250,0
1675,230726.84,455112.761,0.865,3.2,0.346,1.8,1.5,2.9,2.6,3.4,8664,0
3137,230871.833,455099.792,1.091,3.2,0.451,4.8,6.1,4.8,18.4,36.4,15072,0
2424,230835.779,455092.797,0.87,3.2,0.554,1.7,2.2,1.4,2.2,4.1,12041,0
2915,230866.388,454980.61,0.998,3.2,1.112,2.9,4.0,2.7,6.4,13.7,13998,0
1541,230701.697,455042.125,0.932,3.2,1.136,2.2,2.8,2.4,3.9,7.2,7976,0
2134,230828.711,454950.66,0.895,3.2,1.603,3.2,5.1,2.9,8.0,11.1,10447,0
3145,230883.195,455092.165,0.902,3.2,2.248,5.9,7.3,6.9,27.8,46.4,15766,0
2978,230866.095,454984.972,1.309,3.3,0.061,1.2,1.6,1.0,1.1,2.1,14237,0
3068,230882.596,454989.13,0.792,3.3,0.067,4.0,4.8,4.1,12.4,16.4,14952,0
3117,230893.552,455004.054,0.621,3.3,0.099,3.5,4.8,3.3,9.6,13.9,15038,0
3014,230849.742,454969.406,0.801,3.3,0.168,1.0,1.1,1.0,0.8,1.6,14268,0
3121,230850.005,454987.165,0.733,3.3,0.172,3.3,4.0,3.6,8.6,9.8,14939,0
3152,230914.883,455151.745,0.373,3.3,0.173,3.2,3.8,3.3,7.8,17.4,15787,0
3076,230860.403,455076.009,0.969,3.3,0.207,2.5,3.2,2.3,5.1,13.7,14880,0
3107,230896.447,454999.743,1.225,3.3,0.228,1.0,1.2,1.1,0.8,1.5,15002,0
3165,230859.044,455090.089,1.218,3.3,0.262,0.9,0.8,1.3,0.7,1.0,15837,0
2912,230854.084,454942.9,0.563,3.3,0.277,1.2,1.4,1.1,1.1,1.7,14155,0
3198,230875.465,455094.778,1.274,3.3,0.478,2.5,1.9,3.9,5.0,8.8,15579,0
3098,230860.714,455083.283,0.667,3.3,0.488,2.0,2.3,2.2,3.2,6.2,15017,0
3089,230895.951,454991.944,0.844,3.3,0.5,0.8,0.8,0.9,0.5,0.8,14897,0
3151,230893.984,454991.992,1.205,3.3,0.509,1.3,1.3,1.7,1.3,2.1,15046,0
3188,230858.371,455090.682,0.752,3.3,0.543,1.6,1.4,2.0,1.9,3.1,15555,0
3056,230885.857,455043.331,0.855,3.3,0.55,1.3,1.4,1.4,1.4,1.8,14688,0
2205,230832.608,454951.316,0.782,3.3,0.62,3.5,3.9,4.7,9.4,11.4,10613,0
2189,230816.277,454946.611,0.726,3.3,0.669,3.7,4.7,3.6,10.8,22.2,10548,0
1562,230697.202,455013.782,0.783,3.3,0.809,1.9,2.0,2.6,2.7,3.8,8019,0
1496,230715.086,454974.247,0.851,3.3,0.924,4.0,4.1,5.6,12.4,15.6,7966,0
3266,230917.573,455166.425,1.207,3.3,1.003,4.0,4.6,4.7,12.8,28.8,15813,0
1673,230691.9,455040.019,1.302,3.3,1.113,1.4,1.1,2.1,1.5,1.7,8575,0
3124,230864.824,455063.928,0.847,3.3,1.159,3.1,4.8,2.2,7.6,16.8,15013,0
3083,230886.845,454988.12,1.193,3.4,0.064,1.8,2.0,1.8,2.5,6.0,15027,0
3153,230840.103,455104.987,1.133,3.4,0.114,3.0,3.1,3.2,7.1,14.3,15623,0
3196,230865.332,455094.268,0.752,3.4,0.129,2.1,2.2,2.1,3.6,7.8,15480,0
3131,230859.991,455080.967,0.493,3.4,0.188,2.0,2.3,2.1,3.3,8.6,14963,0
3190,230871.09,455102.542,1.248,3.4,0.226,2.2,2.5,2.3,3.6,10.3,15582,0
3079,230895.486,454995.972,1.305,3.4,0.258,1.5,1.6,1.5,1.7,4.0,14699,0
3258,230873.622,455107.096,0.541,3.4,0.469,2.8,3.2,3.0,6.1,12.5,15819,0
3093,230896.338,454998.708,1.18,3.4,0.47,1.1,1.4,1.0,1.0,2.2,15040,0
2357,230808.567,455086.527,0.742,3.4,0.514,0.9,1.3,1.2,0.6,0.8,11539,0
3162,230869.728,455102.143,1.156,3.4,0.564,2.7,2.9,3.0,5.6,15.3,15844,0
3234,230859.363,455090.243,0.724,3.4,1.14,1.7,1.9,1.9,2.2,4.2,15497,0
3123,230915.807,455161.48,0.94,3.4,1.554,3.9,3.0,5.5,12.0,26.8,15099,0
3130,230860.421,454976.405,1.232,3.4,1.972,2.1,2.5,2.4,3.4,6.7,15056,0
3204,230920.295,455136.44,1.314,3.5,0.098,3.4,3.7,3.7,9.2,24.4,15423,0
2436,230728.609,455086.507,0.745,3.5,0.181,1.8,2.3,1.6,2.6,4.5,11876,0
3176,230902.695,455100.891,0.826,3.5,0.204,1.7,1.9,2.0,2.2,3.8,15342,0
2991,230868.018,454982.977,0.685,3.5,0.252,3.4,4.2,3.8,9.0,15.8,14269,0
3110,230856.888,455081.39,1.145,3.5,0.278,1.9,1.7,2.5,2.9,6.7,14846,0
2971,230864.507,454981.386,0.916,3.5,0.321,1.9,2.1,2.3,2.8,7.6,14172,0
3053,230870.044,454985.427,1.284,3.5,0.321,7.3,7.7,6.9,42.4,92.4,14845,0
3114,230860.157,455079.829,0.827,3.5,0.343,2.8,3.5,3.0,6.2,15.1,14964,0
1695,230725.849,455119.298,0.861,3.5,0.36,1.0,1.0,0.9,0.7,1.5,8699,0
2987,230866.566,454982.231,0.929,3.5,0.432,2.3,3.2,2.4,4.0,7.5,14234,0
1704,230725.253,455116.044,0.852,3.5,0.571,2.7,2.7,2.7,5.9,10.7,8822,0
3183,230851.996,455085.03,0.964,3.5,0.575,3.1,3.0,5.2,7.4,12.7,15755,0
3246,230906.677,455105.312,0.874,3.5,0.601,1.8,1.9,1.9,2.5,4.1,15683,0
2352,230791.542,455054.052,1.273,3.5,0.726,3.2,4.2,4.5,8.0,14.2,11510,0
1564,230724.398,455043.536,0.864,3.5,0.913,2.5,2.4,3.1,5.1,8.7,8091,0
1625,230671.578,455033.831,1.146,3.5,0.971,1.5,1.4,1.8,1.8,2.6,8520,0
2469,230806.213,455117.407,0.859,3.5,1.082,4.0,5.5,3.6,12.7,19.1,12101,0
2932,230866.875,454985.152,1.043,3.6,0.114,2.4,1.9,3.7,4.7,9.7,14365,0
2472,230826.217,455098.232,1.227,3.6,0.281,1.2,1.5,1.0,1.1,1.9,12158,0
3012,230857.124,455079.516,0.952,3.6,0.419,2.2,2.3,2.8,3.9,8.2,14926,0
3149,230855.216,455091.904,0.894,3.6,0.601,1.6,1.5,2.3,2.0,2.8,15751,0
1676,230703.07,455032.541,1.291,3.6,0.63,1.9,3.1,1.9,3.0,6.1,8570,0
2992,230897.003,454999.213,1.061,3.6,0.635,2.0,2.7,1.6,3.1,6.3,14727,0
3186,230859.025,455087.576,0.907,3.6,1.267,2.8,2.9,3.3,6.1,12.2,15391,0
1627,230670.016,455032.271,0.449,3.6,1.315,2.8,3.3,3.1,6.0,9.3,8284,0
3088,230900.765,454985.659,0.942,3.6,1.326,2.2,1.9,2.6,3.8,9.9,14994,0
3111,230857.94,455078.683,1.163,3.7,0.069,2.2,1.8,2.8,3.9,11.2,14919,0
1617,230678.809,454996.508,0.433,3.7,0.078,1.9,2.0,2.3,2.8,4.9,8279,0
1531,230689.122,454914.983,1.246,3.7,0.112,2.2,2.9,2.6,3.9,4.5,7972,0
3007,230858.267,454982.263,1.326,3.7,0.168,1.7,1.8,1.9,2.2,3.7,14272,0
2400,230791.685,455055.661,0.844,3.7,0.255,3.6,3.7,4.0,10.3,26.5,11446,0
1759,230729.336,455114.458,0.929,3.7,0.291,1.3,1.4,1.4,1.4,2.8,8859,0
3067,230851.163,454979.488,0.83,3.7,0.476,1.9,1.8,2.2,2.7,4.5,14654,0
2206,230830.306,454948.451,1.176,3.7,0.494,2.9,3.6,2.3,6.5,14.2,10539,0
1601,230728.685,455085.884,1.285,3.7,0.499,1.8,2.1,1.4,2.5,7.1,8261,0
3066,230891.945,454996.682,1.24,3.7,0.5,4.2,4.3,4.7,13.8,35.1,14860,0
3187,230877.572,455095.178,0.894,3.7,0.602,6.4,6.6,7.7,32.3,65.7,15378,0
1576,230679.519,454998.635,0.347,3.8,0.098,2.2,2.0,2.8,3.6,6.7,8339,0
3063,230852.278,454990.36,0.364,3.8,0.129,3.7,3.2,5.3,10.8,20.2,14917,0
2434,230840.137,455092.04,0.36,3.8,0.279,6.6,5.9,9.1,33.7,40.4,12087,0
3096,230850.978,455085.861,1.271,3.8,0.3,2.1,2.0,3.0,3.5,7.7,14945,0
1637,230733.227,455079.535,0.964,3.8,0.657,3.0,3.5,3.2,6.9,11.9,8299,0
3231,230857.109,455088.328,0.914,3.8,0.837,1.7,1.7,1.7,2.2,6.2,15377,0
1645,230705.202,455007.261,0.735,3.8,1.025,4.7,6.0,5.1,17.5,23.5,8531,0
1639,230742.965,455053.405,1.032,3.8,1.189,4.0,4.4,4.2,12.4,21.1,8387,0
1521,230689.569,454954.338,0.777,3.8,1.213,10.0,10.8,11.6,78.2,105.2,7962,0
2990,230878.525,454916.158,0.328,3.9,0.07,2.8,2.6,3.6,6.3,15.6,14132,0
2459,230841.66,455102.885,0.926,3.9,0.204,1.3,1.5,1.5,1.4,2.3,12077,0
3122,230858.637,455089.578,0.755,3.9,0.238,1.0,0.9,1.2,0.9,1.7,15574,0
3052,230895.622,454998.184,0.781,3.9,0.287,0.9,0.9,1.2,0.7,1.7,15062,0
3119,230858.461,455088.836,0.829,3.9,0.3,1.2,1.5,1.0,1.2,2.5,15611,0
1666,230705.728,455029.371,1.23,3.9,0.306,1.1,1.4,1.1,0.9,1.6,8561,0
3256,230856.535,455089.782,0.812,3.9,0.317,1.4,1.3,1.7,1.5,3.1,15691,0
1739,230725.117,455109.784,0.912,3.9,0.325,1.8,2.2,2.0,2.7,4.0,8715,0
3100,230896.085,454999.421,1.096,3.9,0.47,1.4,1.5,1.4,1.5,3.8,14805,0
2346,230799.937,455010.784,0.747,3.9,0.486,1.3,1.7,1.4,1.3,2.4,11445,0
3025,230895.628,454994.267,1.038,3.9,0.523,1.5,1.7,1.8,1.7,3.7,14681,0
1629,230689.974,455059.727,1.248,3.9,0.55,1.2,1.1,1.5,1.0,2.2,8301,0
2473,230838.688,455098.243,1.285,3.9,1.483,2.4,3.1,2.2,4.7,9.0,12160,0
3120,230886.217,454988.737,0.771,4.0,0.064,3.1,2.5,4.3,7.6,15.5,14997,0
2935,230854.049,454982.173,1.214,4.0,0.167,2.4,2.6,3.0,4.4,10.8,14229,0
2437,230826.584,455098.693,1.07,4.0,0.212,1.9,1.8,2.4,2.9,6.1,11690,0
2997,230897.747,454949.921,1.35,4.0,0.222,1.9,2.0,2.2,2.8,4.1,14252,0
3180,230857.712,455089.641,0.73,4.0,0.495,1.4,1.4,1.5,1.5,3.1,15539,0
3244,230855.884,455091.332,0.987,4.0,0.56,1.6,2.1,1.3,1.9,4.0,15708,0
3032,230886.813,455042.689,0.852,4.0,0.963,2.7,3.8,2.1,5.7,12.3,15001,0
3054,230882.976,455044.555,0.816,4.0,1.154,2.9,2.5,3.9,6.4,9.5,14428,0
3002,230896.815,454992.812,0.97,4.0,1.44,2.2,2.2,2.7,3.6,8.1,14741,0
3211,230847.156,455103.767,0.378,4.1,0.128,3.6,3.4,4.7,9.9,11.9,15291,0
3144,230888.8,454989.277,1.254,4.1,0.177,3.7,3.5,4.7,10.6,25.8,15057,0
2381,230792.469,455008.088,1.216,4.1,0.21,1.9,1.7,3.0,2.9,4.1,11501,0
1712,230709.768,455115.038,0.974,4.1,0.261,6.0,6.3,6.5,28.4,44.5,8618,0
2996,230865.655,454981.91,0.415,4.1,0.284,2.3,3.0,2.1,4.0,12.2,14231,0
2905,230881.462,454959.652,0.766,4.1,0.334,1.3,1.4,1.7,1.4,2.0,13934,0
3077,230883.934,455044.585,0.901,4.1,0.367,1.9,2.2,1.7,2.8,4.2,14713,0
3134,230895.534,454997.236,0.788,4.1,0.494,1.4,1.3,1.6,1.6,3.2,15048,0
2936,230863.485,454979.81,0.723,4.1,0.625,2.1,2.2,2.1,3.5,9.5,13944,0
1503,230679.787,454933.819,0.894,4.2,0.063,1.8,1.9,1.7,2.4,6.3,7961,0
3220,230904.547,455160.019,1.137,4.2,0.298,1.4,1.4,1.6,1.6,2.9,15826,0
2344,230796.971,455105.178,0.924,4.2,0.468,4.6,6.0,5.7,16.9,21.5,11541,0
3006,230899.752,454949.899,1.257,4.2,0.474,1.3,1.3,1.6,1.3,1.7,14276,0
2215,230745.179,454965.38,0.899,4.2,0.483,2.5,2.8,2.9,4.8,7.9,10644,0
2347,230841.166,455045.691,1.337,4.2,0.541,0.9,0.9,1.2,0.7,1.3,11511,0
3206,230910.398,455152.899,0.937,4.2,0.549,3.8,3.9,5.0,11.6,23.6,15577,0
3169,230903.723,455101.459,0.805,4.2,0.686,2.3,2.3,2.7,4.3,8.2,15795,0
3116,230882.318,455042.854,0.852,4.2,1.063,2.2,2.2,2.4,3.7,8.6,15021,0
3095,230898.555,455099.546,0.43,4.3,0.152,2.4,2.2,2.6,4.4,12.1,15283,0
2963,230859.614,455081.366,0.962,4.3,0.255,3.5,4.3,3.3,9.8,35.0,14289,0
3092,230855.931,455089.534,0.606,4.3,0.433,1.8,2.1,2.0,2.6,4.5,15123,0
3078,230893.9,454997.883,1.149,4.3,0.459,2.0,2.0,2.3,3.0,7.6,14976,0
3073,230895.092,454992.008,0.968,4.3,0.621,1.7,1.7,2.1,2.2,5.7,15003,0
1702,230703.305,455033.441,1.336,4.3,0.758,1.5,1.9,1.2,1.7,2.6,8572,0
3139,230855.529,455089.079,0.596,4.3,1.665,2.4,2.5,2.8,4.5,8.3,15709,0
3099,230887.346,454991.914,0.419,4.4,0.236,2.9,4.1,2.4,6.8,24.2,14969,0
3042,230852.064,454979.546,0.831,4.4,0.362,2.7,2.6,3.0,5.5,16.5,15028,0
2977,230854.231,454942.564,0.713,4.4,0.476,2.7,2.4,3.6,5.9,11.3,14148,0
2353,230793.888,455012.72,0.977,4.4,0.725,2.0,3.0,2.3,3.1,6.0,11422,0
2446,230837.241,455096.479,0.93,4.4,0.93,2.4,2.4,2.7,4.5,10.9,11989,0
2416,230825.603,455098.321,1.178,4.5,0.119,2.3,2.1,3.0,4.1,10.9,11737,0
3081,230894.347,454999.278,0.951,4.5,0.138,1.7,1.6,1.8,2.2,6.7,14787,0
2933,230862.811,454980.376,0.815,4.5,0.153,1.7,1.5,2.3,2.3,6.0,13941,0
2160,230766.687,454984.968,0.822,4.5,0.525,1.9,1.6,2.4,2.8,5.3,10573,0
3086,230896.016,454996.136,1.271,4.5,0.527,2.3,2.1,2.7,4.0,8.8,14933,0
1618,230694.982,455058.893,0.466,4.6,0.114,1.8,2.5,1.6,2.6,5.4,8547,0
3159,230883.854,455101.566,0.681,4.6,0.136,3.3,3.9,3.4,8.4,22.1,15792,0
1589,230698.752,455012.603,0.397,4.6,0.149,2.2,2.5,2.5,3.9,9.6,8231,0
2984,230854.68,454944.502,0.365,4.6,0.164,3.1,4.1,3.5,7.6,10.3,14152,0
2418,230824.191,455098.059,0.833,4.6,0.404,2.2,2.1,2.6,3.7,6.8,12098,0
2986,230851.543,454981.472,1.32,4.6,0.511,3.2,3.9,3.7,8.0,22.6,14230,0
3135,230854.421,455089.47,0.815,4.6,0.812,2.2,2.3,2.2,3.7,8.3,15748,0
2926,230861.803,454984.327,1.105,4.7,0.066,2.4,3.1,2.3,4.6,13.7,13925,0
3118,230852.475,455110.986,0.512,4.7,0.08,2.0,2.6,1.7,3.1,5.9,15110,0
3004,230861.763,454980.998,0.955,4.7,0.117,2.4,2.6,2.7,4.7,10.8,14235,0
2892,230859.82,454979.419,1.164,4.7,0.138,2.6,3.2,2.7,5.4,12.6,14009,0
3000,230861.78,454979.157,0.987,4.7,0.142,1.7,1.6,2.0,2.2,6.3,14157,0
2923,230853.21,454982.265,0.548,4.7,0.156,2.0,2.1,2.4,3.3,9.9,13938,0
2937,230861.639,454979.196,0.627,4.7,0.175,2.1,2.1,2.4,3.3,8.1,13835,0
3105,230857.975,455091.545,0.745,4.7,0.447,1.5,1.5,2.1,1.9,3.9,15494,0
3035,230884.341,455041.075,1.087,4.7,0.473,2.3,2.7,2.4,4.0,10.5,14697,0
1635,230699.674,455033.747,1.18,4.7,0.528,2.0,2.4,2.2,3.0,4.9,8521,0
2964,230880.333,454953.935,0.633,4.7,1.232,1.9,1.9,2.3,2.9,3.7,14030,0
2461,230832.07,455100.942,0.878,4.8,0.35,4.1,4.4,4.7,13.3,24.7,11845,0
1696,230734.53,455103.778,0.831,4.8,0.517,2.2,2.7,1.9,3.7,7.0,8854,0
1606,230671.794,454995.15,0.366,4.9,0.115,9.0,9.9,8.1,63.3,71.8,8443,0
4514,231142.071,454406.198,0.505,3.0,0.125,1.6,2.5,1.5,2.0,2.4,22266,1
3524,231039.861,454429.681,1.117,3.0,0.29,1.5,1.8,1.5,1.7,2.3,16942,1
3439,231026.963,454421.294,0.923,3.0,0.414,2.2,2.5,2.3,3.7,7.4,16973,1
5513,231180.909,454295.727,0.398,3.0,0.518,2.5,2.4,2.7,4.8,5.5,28022,1
3390,231023.236,454399.488,0.67,3.0,0.595,3.3,4.1,3.5,8.7,9.9,16593,1
5680,231157.891,454422.43,0.912,3.0,1.417,2.4,3.0,1.9,4.4,6.9,28268,1
4256,231065.029,454362.346,0.969,3.1,0.377,0.8,0.9,0.7,0.5,1.0,21541,1
3441,231041.777,454276.595,0.646,3.1,0.407,3.6,4.5,3.1,10.2,14.5,16510,1
4361,231084.958,454334.058,1.196,3.1,0.447,1.5,1.7,1.6,1.7,2.3,21569,1
4267,231064.137,454362.946,0.882,3.1,0.46,1.4,1.5,1.7,1.6,2.3,21240,1
4517,231053.83,454412.089,1.06,3.1,0.558,1.8,1.9,2.0,2.6,5.4,21853,1
3503,231007.015,454401.994,0.523,3.2,0.08,1.7,1.6,1.9,2.3,3.3,17241,1
3451,231019.662,454351.741,1.151,3.2,0.081,3.3,4.0,3.2,8.6,15.6,16575,1
4354,231051.637,454269.589,0.748,3.2,0.112,3.4,4.3,3.9,9.1,13.4,21483,1
4262,231065.985,454361.983,1.002,3.2,0.191,0.8,1.0,0.9,0.6,0.9,21534,1
4213,231127.246,454282.698,0.466,3.2,0.286,3.9,5.8,4.4,11.8,13.5,21505,1
3487,231031.056,454424.906,1.333,3.2,0.349,3.9,4.2,5.1,12.0,18.5,16606,1
3363,231038.208,454411.959,0.876,3.2,1.238,1.7,2.3,1.6,2.3,3.7,16620,1
3580,231039.674,454430.63,1.102,3.3,0.181,1.0,1.3,0.7,0.7,1.1,17255,1
5537,231148.743,454311.552,1.324,3.3,0.386,1.1,1.0,1.6,0.9,1.6,27828,1
3570,231041.875,454429.567,0.808,3.3,0.718,2.7,3.3,3.0,5.8,16.0,17233,1
5459,231152.45,454378.26,0.364,3.4,0.158,1.2,2.2,0.7,1.1,2.0,27787,1
3607,231004.766,454401.874,0.494,3.4,0.163,1.6,1.4,2.0,2.0,4.9,17269,1
4350,231056.152,454277.903,1.102,3.4,0.304,3.0,3.8,2.7,7.1,13.5,21542,1
4348,231075.935,454352.808,0.864,3.4,0.39,2.0,2.4,2.5,3.2,5.5,21379,1
3357,231046.605,454270.749,1.344,3.5,0.06,2.4,3.3,2.1,4.4,10.8,16246,1
3556,231036.075,454421.357,1.024,3.5,1.006,2.3,3.2,2.0,4.3,5.4,17166,1
4446,231054.455,454412.109,0.904,3.6,0.42,3.8,3.5,6.0,11.6,20.7,22217,1
4233,231075.655,454348.539,0.36,3.6,0.46,4.8,5.1,6.2,17.9,26.2,21566,1
4212,231084.227,454333.798,0.913,3.6,0.562,1.4,1.7,1.4,1.6,2.4,21343,1
3545,231038.271,454410.365,0.869,3.6,0.88,1.8,1.9,1.9,2.6,6.9,17267,1
4373,231052.698,454414.342,0.906,3.7,0.084,2.7,3.2,2.5,5.9,14.9,22247,1
3590,231038.427,454417.465,1.201,3.7,0.168,2.0,2.1,2.4,3.2,5.5,17264,1
3225,230980.513,454281.641,0.748,3.7,0.556,2.5,4.4,1.8,5.0,7.2,16237,1
3472,231038.103,454413.829,0.951,3.7,1.855,2.9,3.1,3.7,6.5,13.8,17094,1
4324,231069.475,454361.434,1.207,3.8,0.122,1.9,2.1,1.9,2.8,5.5,21339,1
3499,231032.467,454415.271,1.328,3.8,0.478,1.2,1.4,1.2,1.1,1.6,17282,1
4243,231073.849,454352.409,1.237,3.8,0.733,1.2,1.3,1.5,1.1,1.9,21571,1
3505,231038.234,454419.871,0.361,3.9,0.154,2.1,2.5,2.2,3.5,9.2,17196,1
3355,231039.213,454340.535,1.077,3.9,0.515,2.0,2.1,2.4,3.3,4.8,16579,1
3452,231004.633,454404.022,0.909,3.9,0.89,1.6,1.7,2.0,2.1,5.0,16953,1
5695,231160.32,454427.411,0.478,4.0,0.16,4.5,4.0,5.3,16.2,20.0,28468,1
3498,231031.64,454423.11,0.837,4.0,0.224,1.9,2.3,2.0,2.9,6.2,16720,1
3535,230997.963,454378.498,1.275,4.0,0.329,0.8,0.9,0.9,0.5,0.5,17263,1
3493,231039.557,454418.779,1.296,4.0,0.54,2.3,2.6,2.5,4.1,10.4,17223,1
3455,231024.863,454418.951,0.386,4.1,0.095,3.2,2.7,4.1,8.0,21.7,16958,1
4252,231054.224,454273.666,1.012,4.1,0.142,1.7,2.0,1.7,2.2,5.0,21506,1
5481,231192.292,454345.919,0.84,4.1,0.196,1.9,2.2,1.9,2.8,4.9,27931,1
3536,231031.04,454410.863,0.453,4.1,0.272,3.4,3.5,3.9,9.2,18.1,17131,1
4334,231053.056,454274.4,0.991,4.1,0.37,1.5,1.8,1.5,1.7,2.9,21367,1
4538,231120.326,454423.009,1.216,4.1,0.483,4.0,4.3,4.8,12.8,28.8,22243,1
3594,231005.634,454403.309,0.839,4.1,0.546,2.0,2.1,2.3,3.1,7.8,17273,1
3542,231032.311,454420.767,0.9,4.1,1.227,4.1,4.1,4.4,13.1,29.6,17260,1
3491,231030.184,454403.917,0.833,4.2,0.917,3.7,3.9,3.3,10.6,25.9,16653,1
3546,231046.57,454411.588,0.733,4.2,0.934,5.7,4.5,7.5,25.7,42.4,17146,1
3568,231042.445,454421.927,0.376,4.3,0.089,4.0,4.6,4.3,12.9,30.6,17098,1
3567,231041.476,454414.562,0.944,4.3,0.105,3.0,3.4,3.0,7.2,19.2,16788,1
3429,231036.823,454421.99,1.297,4.3,0.145,1.7,1.9,1.7,2.2,4.8,16935,1
3457,231039.539,454339.162,1.015,4.3,0.724,2.4,2.8,2.5,4.5,10.3,16526,1
4367,231067.139,454362.148,0.777,4.5,0.681,1.7,2.0,1.9,2.3,5.8,21577,1
4347,231052.786,454273.457,0.981,4.6,0.283,1.2,1.2,1.3,1.1,2.5,21539,1
3399,231027.644,454408.84,0.457,4.6,0.378,6.0,6.7,6.2,27.8,54.7,16710,1
4253,231139.349,454295.198,1.32,4.6,0.621,1.6,1.3,2.4,2.0,4.1,21578,1
5625,231191.294,454348.42,0.84,4.8,0.154,1.7,2.0,1.8,2.4,5.7,27923,1
3335,231001.207,454301.851,0.893,4.8,0.549,2.6,2.5,3.3,5.3,10.7,16434,1
3576,231036.898,454411.28,1.118,4.9,0.229,1.4,1.8,1.1,1.5,3.6,17283,1
4388,231097.868,454301.633,1.288,4.9,0.402,2.5,3.2,2.9,4.8,8.2,21574,1
3494,231047.399,454430.159,0.85,5.0,0.384,0.9,0.8,1.2,0.7,1.8,16797,1
3475,231037.203,454412.095,0.857,5.0,0.508,1.7,1.7,1.9,2.3,7.0,17040,1
3459,231038.163,454429.331,0.84,5.0,0.657,2.4,2.9,2.2,4.4,11.6,17133,1
3554,231038.32,454426.266,0.834,5.1,0.175,2.8,3.8,2.3,6.3,12.6,17145,1
4222,231052.778,454274.887,0.867,5.2,0.117,1.7,1.5,2.1,2.1,3.7,21416,1
3584,231035.284,454411.363,1.192,5.2,0.543,2.2,1.5,3.2,3.9,10.3,17266,1
5473,231197.23,454300.123,0.859,5.5,0.264,0.5,0.4,0.8,0.2,0.6,27895,1
3550,231039.687,454423.155,0.934,5.6,0.793,2.6,2.6,2.6,5.1,18.4,17193,1
3442,231031.308,454414.946,0.815,5.8,0.41,2.6,3.2,2.4,5.4,18.0,16886,1
3404,230974.666,454350.033,0.505,5.9,0.086,6.2,6.3,6.0,30.5,93.1,16544,1
3511,231029.1,454416.922,0.545,5.9,0.264,4.3,6.2,4.3,14.3,37.2,16713,1
4358,231056.457,454277.271,1.255,5.9,0.441,4.1,5.5,3.8,13.3,29.5,21435,1
3541,231035.805,454412.096,0.79,6.1,0.213,2.0,1.6,2.8,3.2,9.6,16890,1
5592,231162.321,454355.518,0.826,6.1,0.215,3.0,3.2,3.3,6.9,18.4,27905,1
4378,231057.57,454334.681,0.492,6.1,0.464,5.2,6.9,5.1,21.2,39.5,21572,1
3438,231044.686,454297.701,1.136,6.2,0.193,4.4,4.5,5.0,15.2,28.3,16586,1
4351,231051.449,454277.812,0.819,6.6,0.354,2.5,3.2,2.1,5.0,16.6,21540,1
4179,231072.406,454359.241,0.761,6.8,0.785,2.3,2.3,2.5,4.2,10.7,21360,1
3279,231029.114,454299.523,0.894,7.3,0.559,1.3,1.2,1.8,1.4,5.2,16295,1
4297,231071.575,454357.607,0.549,7.6,0.182,2.9,3.6,3.1,6.4,17.8,21351,1
4206,231084.63,454334.682,0.915,7.7,0.34,4.9,4.6,6.2,18.7,54.5,21324,1
3588,231037.269,454429.217,0.846,7.7,1.3,4.8,4.2,5.3,18.3,42.7,17132,1
4242,231046.865,454298.787,0.817,7.9,0.295,5.4,7.0,8.4,23.3,50.5,21475,1
4199,231051.244,454275.038,1.33,8.0,0.094,3.2,2.7,4.0,8.1,19.6,21556,1
3408,231038.039,454338.182,0.881,8.0,0.29,4.4,5.1,4.7,15.5,56.7,16334,1
4266,231143.456,454305.946,0.896,8.1,0.388,4.6,6.0,4.0,16.3,49.5,21575,1
4340,231052.443,454274.266,0.869,8.2,0.125,2.9,3.1,2.6,6.8,19.9,21490,1
4169,231096.315,454372.026,0.873,8.2,0.232,4.9,8.8,3.8,19.0,30.4,21300,1
4219,231050.688,454278.61,1.128,8.3,0.111,3.6,3.9,3.5,10.3,43.2,21565,1
4272,231106.032,454403.579,1.228,8.3,0.139,4.9,5.5,5.7,18.6,73.2,21580,1
5536,231189.395,454299.322,0.925,8.4,0.114,3.0,3.7,2.7,7.3,29.1,27914,1
3205,231005.16,454301.31,0.785,8.4,0.139,4.3,4.9,4.9,14.3,41.7,16208,1
3333,231001.735,454303.291,0.865,8.5,0.308,4.9,3.7,7.5,19.2,68.6,16520,1
3566,231040.537,454425.583,0.998,8.5,0.311,3.3,3.0,4.3,8.7,29.2,17210,1
4470,231143.477,454383.468,0.842,8.5,0.632,2.1,2.3,2.4,3.4,9.9,22097,1
4173,231073.465,454303.771,0.845,8.6,0.216,3.9,3.9,4.2,11.8,49.4,21255,1
3418,231032.243,454377.832,0.882,8.6,0.272,4.2,4.3,5.4,14.1,29.7,16349,1
5629,231164.45,454396.938,0.385,8.6,0.5,5.0,5.2,5.8,19.7,52.1,28200,1
5620,231162.054,454297.51,0.907,8.8,0.366,3.5,3.4,4.2,9.8,25.7,27894,1
4481,231078.52,454402.506,0.832,8.9,0.203,3.1,3.2,3.4,7.7,34.2,21893,1
4186,231110.173,454295.041,0.433,8.9,0.272,2.6,2.6,2.6,5.4,14.9,21250,1
5554,231191.832,454347.089,0.842,9.0,0.086,2.3,2.2,3.0,4.2,7.3,27930,1
4495,231142.2,454404.254,0.779,9.0,0.314,3.2,3.7,3.4,7.9,22.0,22229,1
4376,231077.3,454385.56,0.827,9.2,0.232,3.8,4.3,3.8,11.1,45.9,21876,1
4386,231097.093,454380.327,0.866,9.4,0.204,3.7,4.0,3.8,10.5,50.6,21890,1
3479,231041.261,454423.905,0.845,9.4,0.442,4.0,4.7,3.7,12.8,38.2,17211,1
4461,231084.205,454381.992,0.868,9.5,0.223,4.9,4.2,6.1,19.0,76.0,21867,1
4331,231053.602,454275.261,1.25,9.5,0.281,2.6,2.7,2.8,5.2,21.9,21456,1
6148,231164.357,455461.865,1.311,3.0,0.102,1.7,1.6,2.7,2.4,3.3,31684,2
5472,231076.786,455474.87,0.492,3.0,0.107,2.6,3.0,2.8,5.4,7.3,27654,2
4094,230978.048,455448.537,1.185,3.0,0.142,1.9,2.3,2.0,2.9,4.2,20401,2
6133,231162.168,455442.919,0.543,3.0,0.147,2.3,2.3,3.0,4.3,6.1,31641,2
5263,231126.917,455419.219,0.915,3.0,0.445,1.9,1.9,2.3,2.9,3.5,27063,2
4898,231128.624,455380.253,0.818,3.0,0.455,1.6,1.8,1.8,1.9,2.3,24451,2
5063,231114.795,455378.633,0.848,3.0,0.54,3.5,5.7,2.7,9.9,11.4,25450,2
5485,231126.273,455493.604,0.804,3.0,1.635,4.9,6.2,5.2,19.0,21.9,27458,2
6155,231156.756,455399.908,0.751,3.0,1.76,4.6,3.5,6.8,16.5,26.4,31702,2
6132,231164.089,455416.664,1.031,3.1,0.079,2.9,2.5,3.8,6.4,9.7,31520,2
6091,231165.145,455421.505,0.65,3.1,0.154,3.6,4.2,3.9,10.0,18.4,31334,2
5243,231078.052,455475.607,0.927,3.1,0.177,1.7,2.4,1.4,2.3,4.2,26800,2
5300,231143.167,455376.666,0.404,3.1,0.315,4.2,5.1,4.3,13.7,16.3,25487,2
4980,231113.145,455377.154,0.802,3.1,0.351,2.1,2.6,2.0,3.5,4.0,24414,2
3914,231000.718,455344.015,0.816,3.1,0.386,1.1,1.4,1.1,1.0,1.2,19146,2
5138,231130.507,455376.034,0.913,3.1,0.389,2.8,3.4,3.4,6.3,9.7,25359,2
6102,231149.87,455436.004,0.931,3.1,0.544,1.1,1.0,1.3,0.9,1.1,31198,2
5460,231077.759,455477.542,0.882,3.1,0.649,1.5,1.1,2.1,1.7,3.1,27199,2
4010,231004.559,455476.136,0.896,3.1,0.7,2.1,2.5,2.5,3.4,4.7,19496,2
5289,231038.324,455443.178,0.863,3.1,1.136,2.1,2.1,1.9,3.6,5.8,25999,2
5321,231145.397,455428.467,0.832,3.1,1.177,1.9,1.9,2.3,2.9,5.1,27089,2
3885,231001.16,455345.133,1.321,3.2,0.11,1.1,1.1,1.2,1.0,1.2,19072,2
5262,231071.632,455429.724,0.441,3.2,0.134,3.3,5.0,2.7,8.4,9.8,25590,2
6139,231182.254,455419.722,0.912,3.2,0.163,2.3,3.3,1.8,4.3,5.2,31715,2
4088,230971.603,455439.104,0.796,3.2,0.275,1.4,1.6,1.8,1.6,2.9,20055,2
5195,231125.361,455377.807,0.598,3.2,0.279,2.1,2.2,2.4,3.4,4.6,25398,2
4041,230972.02,455440.332,0.901,3.2,0.286,2.1,2.2,2.6,3.5,8.1,19811,2
4218,231043.676,455512.794,0.851,3.2,0.336,3.3,4.0,3.3,8.4,12.7,20974,2
5417,231123.268,455490.672,0.915,3.2,0.374,1.3,1.2,1.5,1.2,1.9,27448,2
6087,231160.642,455402.708,0.653,3.2,0.426,4.2,4.4,4.5,13.8,15.9,31395,2
6112,231162.784,455431.233,0.817,3.2,0.444,3.3,3.9,3.7,8.7,13.6,31310,2
6125,231185.298,455418.305,0.792,3.2,0.478,2.9,2.2,3.8,6.6,10.3,31546,2
3963,230982.339,455443.152,0.786,3.2,0.511,2.0,2.2,2.2,3.2,5.2,19380,2
5276,231070.753,455425.079,0.61,3.2,0.661,5.3,6.1,5.4,22.2,41.7,26784,2
5367,231120.385,455483.104,1.031,3.2,0.847,3.2,4.0,3.2,8.3,11.9,27082,2
4026,231004.965,455400.783,0.558,3.2,0.879,3.1,3.4,3.4,7.4,10.4,20510,2
3953,230981.132,455438.503,0.966,3.2,0.952,1.9,1.6,2.5,2.7,4.9,19370,2
4098,230976.152,455448.211,0.892,3.2,1.388,2.4,2.4,3.2,4.5,8.7,20157,2
4121,230967.795,455435.945,0.961,3.2,1.572,3.0,3.8,2.9,7.3,13.2,20490,2
6105,231165.5,455415.151,0.433,3.3,0.094,1.6,1.7,1.6,1.9,3.9,31397,2
3809,230966.442,455364.03,1.32,3.3,0.122,1.2,1.7,1.0,1.1,1.9,19124,2
6123,231196.975,455462.539,0.359,3.3,0.143,2.5,2.2,3.5,4.9,5.6,31572,2
5324,231079.407,455478.241,0.494,3.3,0.167,1.9,1.9,2.5,2.7,3.9,26162,2
5389,231051.491,455520.43,1.32,3.3,0.192,1.6,1.5,1.6,1.9,4.6,27601,2
4081,231024.59,455474.151,1.377,3.3,0.225,2.1,1.7,3.2,3.6,6.7,20321,2
5177,231128.733,455377.414,0.904,3.3,0.27,1.0,1.1,1.1,0.8,1.5,25363,2
3878,231004.93,455349.608,0.639,3.3,0.283,1.2,1.6,1.6,1.2,1.5,18900,2
3919,230978.222,455444.045,0.908,3.3,0.402,1.6,1.5,2.0,2.1,2.7,19699,2
6150,231177.576,455425.435,1.122,3.3,0.415,2.5,2.9,2.6,4.9,10.1,31700,2
4138,231013.01,455407.031,0.722,3.3,0.788,3.8,4.2,3.7,11.2,23.1,20595,2
4072,230980.636,455463.684,1.206,3.3,0.863,1.8,2.5,1.7,2.6,6.1,20609,2
6143,231167.546,455454.408,1.173,3.3,0.865,3.1,2.0,5.1,7.6,17.8,31672,2
3828,231012.279,455361.581,0.421,3.4,0.078,3.3,3.6,3.8,8.8,18.6,18706,2
3318,230939.568,455416.753,0.383,3.4,0.079,5.6,7.7,4.2,24.3,49.0,16167,2
4118,230983.165,455466.345,0.369,3.4,0.112,4.6,5.4,4.9,16.6,33.1,20483,2
5189,231135.953,455373.306,0.571,3.4,0.128,3.3,2.4,4.8,8.4,17.1,25447,2
4145,230982.215,455459.414,0.683,3.4,0.131,2.4,2.5,2.3,4.4,13.3,20541,2
3929,231036.091,455439.683,0.358,3.4,0.175,2.5,3.2,2.7,4.9,8.6,19772,2
5376,231059.258,455504.771,0.841,3.4,0.189,1.1,1.6,0.9,1.0,1.6,27449,2
3958,231004.727,455347.221,0.399,3.4,0.218,2.3,2.5,3.1,4.3,4.5,19262,2
5043,231122.648,455371.743,0.515,3.4,0.233,3.9,5.4,3.5,12.0,22.5,25408,2
6135,231180.826,455403.539,0.845,3.4,0.259,2.4,2.6,2.5,4.7,8.6,31580,2
3996,230966.329,455425.15,0.94,3.4,0.297,3.4,3.2,3.9,8.9,21.0,20208,2
3891,231025.223,455333.043,0.894,3.4,0.314,1.7,1.6,2.1,2.3,5.0,19061,2
4097,230980.903,455443.008,0.863,3.4,0.341,1.0,1.0,1.0,0.7,1.8,19706,2
6043,231153.151,455425.153,1.175,3.4,0.356,3.1,2.7,4.1,7.8,17.6,30807,2
6141,231158.235,455420.818,0.661,3.4,0.368,7.0,8.1,6.4,38.7,78.6,31551,2
4906,231130.524,455376.821,0.926,3.4,0.428,2.9,3.9,3.3,6.5,12.3,24521,2
3995,230981.333,455446.771,0.737,3.4,0.593,1.8,2.2,1.6,2.7,3.8,19517,2
4053,230972.435,455439.034,0.945,3.4,0.599,2.3,2.3,2.7,4.1,8.1,20564,2
3959,231012.151,455424.797,0.836,3.4,0.752,3.4,3.8,3.9,9.1,18.3,20200,2
5337,231106.713,455458.497,0.868,3.4,0.842,2.1,2.3,2.6,3.3,8.1,26641,2
3260,230939.209,455422.645,0.892,3.4,0.888,4.8,4.7,5.5,18.0,38.0,16061,2
4117,230970.926,455443.604,0.507,3.5,0.1,2.1,2.8,2.0,3.4,7.0,20317,2
4034,231007.473,455398.59,1.359,3.5,0.115,2.5,2.4,3.1,4.9,13.2,19955,2
3905,231025.134,455337.192,0.458,3.5,0.125,0.9,1.3,1.0,0.6,0.9,19154,2
3956,231039.571,455446.182,0.822,3.5,0.219,2.3,2.2,2.8,4.1,8.2,19626,2
3913,230985.845,455370.712,0.626,3.5,0.248,2.7,3.0,3.6,5.6,5.4,19295,2
3213,230927.503,455400.874,0.531,3.5,0.71,6.5,7.2,6.1,32.9,65.6,16160,2
5178,231136.498,455465.03,0.87,3.5,1.851,14.8,14.8,16.5,172.2,311.5,25521,2
5226,231110.232,455486.108,0.871,3.5,2.142,6.0,6.5,6.8,28.5,42.0,26584,2
4091,230959.386,455426.742,0.932,3.5,2.914,4.6,5.4,4.4,16.6,41.1,20350,2
6114,231189.298,455420.931,0.751,3.6,0.074,2.1,2.8,2.2,3.5,6.8,31285,2
4032,231029.857,455473.843,0.88,3.6,0.086,3.6,3.8,4.5,10.2,18.9,20338,2
4062,231006.029,455401.649,0.71,3.6,0.233,2.9,3.7,3.6,6.4,15.0,20606,2
6041,231181.43,455424.849,0.523,3.6,0.273,2.6,3.2,3.0,5.5,7.8,30931,2
4008,230984.797,455441.523,0.988,3.6,0.436,1.4,1.3,2.2,1.6,3.0,19454,2
5420,231069.232,455431.725,0.711,3.6,0.549,2.2,2.8,1.9,3.7,8.9,26831,2
3912,230970.057,455437.52,0.809,3.6,0.637,2.2,2.0,2.8,3.7,7.2,19330,2
4029,231047.918,455515.356,0.399,3.6,0.694,5.3,4.7,7.0,21.9,34.8,21029,2
5175,231131.426,455372.313,1.166,3.7,0.066,1.2,1.4,1.2,1.2,3.0,25350,2
3306,230933.364,455409.02,0.454,3.7,0.071,4.7,5.5,3.9,17.2,26.1,16119,2
3884,231004.273,455349.663,0.487,3.7,0.113,1.1,1.7,0.8,0.9,1.4,18878,2
4042,231014.315,455399.759,0.587,3.7,0.117,2.5,3.8,2.2,4.8,8.3,20354,2
5310,231117.499,455455.62,0.439,3.7,0.14,2.6,2.9,3.0,5.2,7.3,25537,2
5308,231073.484,455432.896,1.3,3.7,0.166,3.8,4.1,4.3,11.2,19.2,26786,2
4155,231028.858,455472.224,1.259,3.7,0.169,3.4,3.2,3.7,8.9,27.2,20608,2
5390,231147.27,455438.925,0.972,3.7,0.196,0.9,1.0,1.1,0.7,0.7,26539,2
3980,231005.876,455349.362,1.177,3.7,0.215,1.5,1.9,1.5,1.8,2.3,19288,2
5279,231128.253,455436.39,1.006,3.7,0.25,1.1,1.2,1.1,1.0,2.1,25990,2
5345,231080.147,455478.07,0.768,3.7,0.254,1.9,2.4,1.8,2.7,5.0,26362,2
4134,231014.224,455407.918,1.356,3.7,0.305,2.3,2.2,2.9,4.0,9.4,20449,2
4024,230978.41,455440.047,1.254,3.7,0.361,1.7,1.8,1.8,2.2,5.0,19732,2
5410,231101.017,455461.532,0.814,3.7,0.533,2.8,3.8,2.2,6.3,8.3,26651,2
6115,231150.653,455436.433,0.97,3.7,0.646,0.9,0.7,1.3,0.6,0.9,31539,2
5033,231132.647,455371.406,0.662,3.8,0.107,1.9,2.0,2.0,2.9,7.4,25333,2
3939,230983.886,455441.886,0.954,3.8,0.197,1.1,1.0,1.5,1.0,1.7,19863,2
6158,231183.457,455408.622,1.319,3.8,0.202,1.6,1.5,1.8,2.0,4.0,31697,2
6065,231190.195,455418.941,0.917,3.8,0.405,1.5,1.3,2.3,1.7,3.5,31093,2
3860,230974.552,455388.847,0.865,3.8,0.509,2.4,2.3,3.5,4.5,6.3,18745,2
5311,231087.918,455475.636,0.717,3.8,0.924,5.6,7.8,5.4,24.9,46.1,27083,2
6104,231149.371,455439.125,0.825,3.8,1.037,1.4,1.0,2.3,1.6,3.7,31242,2
6147,231151.414,455434.088,0.984,3.8,1.184,2.2,2.6,2.0,3.7,8.8,31628,2
6154,231162.3,455419.549,0.855,3.9,0.108,1.0,1.2,1.1,0.8,1.1,31663,2
5286,231106.675,455460.971,0.44,3.9,0.162,3.8,4.4,3.7,11.1,12.7,26912,2
5267,231081.4,455479.319,0.765,3.9,0.165,2.8,2.6,3.9,6.0,8.3,25629,2
6051,231166.415,455449.638,1.28,3.9,0.236,2.2,3.2,1.8,3.8,9.6,30945,2
5010,231133.321,455373.203,0.883,3.9,0.293,1.4,1.8,1.3,1.5,2.7,24466,2
4114,230998.403,455412.031,1.21,3.9,0.297,2.6,2.5,3.9,5.5,11.5,20416,2
4001,230981.758,455441.05,0.886,3.9,0.315,2.0,2.7,1.6,3.1,5.0,19572,2
5117,231130.185,455381.873,0.873,3.9,0.474,2.2,1.9,2.7,3.6,5.8,25229,2
3869,230971.241,455428.735,0.883,3.9,0.538,1.7,2.0,1.6,2.2,4.3,19412,2
6069,231166.588,455450.7,1.042,3.9,0.651,1.8,2.1,2.1,2.4,5.7,31179,2
4061,230997.377,455414.376,1.072,3.9,1.153,2.2,2.4,2.4,3.6,8.3,20135,2
5229,231099.278,455490.359,0.618,4.0,0.092,6.5,8.1,6.5,32.9,40.6,25528,2
5306,231077.957,455473.908,0.916,4.0,0.158,1.9,1.7,2.6,3.0,4.9,26960,2
3936,230977.528,455440.086,0.936,4.0,0.189,2.1,1.9,2.8,3.4,8.6,19381,2
3875,231002.501,455347.426,0.897,4.0,0.291,1.3,1.6,1.8,1.3,2.0,19045,2
3964,231008.804,455421.981,0.874,4.0,0.54,1.7,1.8,1.7,2.3,4.6,19360,2
3949,230977.783,455439.149,0.967,4.0,1.174,2.4,2.6,2.4,4.7,10.7,20034,2
6110,231157.713,455393.166,0.941,4.0,2.546,5.0,4.9,6.8,19.5,37.7,31548,2
4104,230987.164,455412.65,0.367,4.1,0.061,8.3,8.3,9.9,54.2,66.4,20409,2
5354,231089.708,455461.686,0.398,4.1,0.147,2.2,2.5,2.4,3.9,6.1,27014,2
4131,230973.065,455437.127,0.388,4.1,0.159,1.8,1.9,2.1,2.6,4.8,20512,2
5398,231102.502,455501.986,0.883,4.1,0.353,1.6,2.0,1.2,1.9,4.3,27694,2
6081,231186.262,455459.086,1.088,4.1,0.389,1.0,0.4,2.0,0.8,0.9,31171,2
3993,230967.839,455432.019,1.201,4.1,0.46,1.6,2.2,1.3,2.0,4.2,19829,2
5328,231128.451,455433.565,0.5,4.1,0.8,3.9,3.7,4.6,11.9,14.0,26900,2
5353,231115.973,455502.274,0.791,4.1,3.03,5.4,5.9,6.3,22.6,47.5,27651,2
6109,231163.474,455421.13,0.412,4.2,0.068,4.1,3.8,5.0,13.4,25.9,31549,2
5169,231120.733,455374.974,0.404,4.2,0.074,5.9,5.3,6.6,27.6,37.5,25332,2
4128,231003.871,455432.495,0.427,4.2,0.152,7.0,9.8,7.4,38.5,52.9,20484,2
3739,231003.481,455350.742,0.825,4.2,0.516,1.6,1.5,2.2,2.0,3.0,18783,2
5377,231030.937,455480.554,1.089,4.2,0.602,5.8,6.1,7.0,26.6,42.4,27098,2
3850,231041.441,455343.013,0.912,4.2,1.119,2.6,2.9,2.6,5.1,9.6,18705,2
3219,230930.106,455406.935,0.469,4.3,0.059,3.7,4.1,4.3,11.0,25.9,16109,2
4990,231104.313,455368.314,0.405,4.3,0.061,2.1,2.4,2.0,3.4,7.1,24439,2
6095,231163.293,455446.494,1.147,4.3,0.365,2.3,2.5,2.4,4.2,11.8,31324,2
6131,231194.922,455462.573,1.227,4.3,0.706,2.6,1.8,4.1,5.3,12.0,31544,2
4043,231011.456,455476.174,0.857,4.3,0.949,3.0,3.5,3.4,7.1,18.1,20555,2
4115,231037.483,455441.497,0.86,4.4,0.406,1.7,2.5,1.5,2.2,4.4,20314,2
4148,231010.64,455395.799,1.065,4.4,1.857,2.8,2.8,3.0,6.3,20.4,20610,2
6156,231164.673,455417.749,0.355,4.5,0.103,3.0,3.1,2.9,7.0,19.0,31705,2
5232,231047.681,455408.332,0.37,4.5,0.11,3.5,3.1,4.6,9.9,18.1,25544,2
3284,230929.541,455413.92,0.523,4.5,0.115,7.5,9.5,7.3,44.1,129.5,16113,2
5530,231048.751,455518.519,1.343,4.5,0.277,2.4,2.6,3.1,4.6,11.0,27747,2
5223,231079.108,455479.28,0.944,4.5,0.282,2.2,2.8,2.1,3.7,7.4,26455,2
5326,231106.956,455457.451,0.854,4.5,0.431,1.4,1.5,1.4,1.4,3.6,27059,2
6160,231175.665,455393.257,0.939,4.5,1.017,2.2,1.9,2.7,3.8,9.5,31735,2
4002,230973.196,455443.691,0.932,4.6,0.299,3.4,3.2,3.9,9.0,32.8,20159,2
4051,231030.574,455462.917,1.207,4.6,0.427,4.2,3.8,5.1,13.8,32.0,19933,2
5288,231087.985,455480.913,0.776,4.6,0.533,3.8,3.4,4.8,11.2,33.8,26654,2
5386,231091.471,455512.587,0.818,4.6,2.533,3.3,4.4,3.2,8.5,17.7,27532,2
1297,230714.983,454388.962,0.934,3.0,0.907,2.5,2.3,3.5,4.9,8.8,7088,3
1329,230685.931,454431.5,0.944,3.0,1.38,2.3,3.1,1.9,4.0,8.6,7062,3
1422,230688.976,454546.432,0.433,3.1,0.124,10.3,11.8,14.3,82.6,86.8,7556,3
1371,230718.274,454498.6,0.715,3.1,0.41,0.9,0.8,1.2,0.7,0.9,7307,3
1397,230685.284,454518.043,0.819,3.1,0.563,2.6,2.4,3.5,5.2,5.7,7338,3
1356,230708.755,454575.962,0.925,3.1,1.108,2.6,2.8,2.9,5.4,9.1,7552,3
1258,230651.403,454424.938,1.176,3.2,0.286,4.1,4.0,4.6,13.2,18.3,6916,3
1094,230659.363,454331.612,0.816,3.2,0.937,2.5,2.4,2.8,4.8,5.8,6395,3
1411,230705.092,454574.76,0.408,3.3,0.08,4.1,6.2,3.0,13.3,21.1,7570,3
1216,230686.705,454524.605,0.425,3.3,0.096,3.0,3.2,3.7,6.9,11.9,7192,3
1424,230728.784,454579.67,0.461,3.3,0.124,3.5,4.0,3.8,9.5,18.9,7684,3
1433,230707.993,454523.977,0.633,3.3,0.467,2.1,2.3,2.4,3.4,5.1,7508,3
1117,230670.149,454322.198,0.882,3.3,0.686,3.2,3.5,3.7,8.2,9.4,6372,3
1440,230693.759,454580.673,0.88,3.4,0.54,1.5,1.5,1.7,1.7,3.4,7551,3
1291,230684.578,454433.028,0.727,3.4,0.565,4.0,4.5,4.4,12.9,32.6,6975,3
1146,230661.982,454314.331,1.055,3.4,0.783,1.2,1.2,1.3,1.1,2.1,6752,3
1293,230682.495,454425.181,0.929,3.4,0.805,1.4,1.8,1.4,1.6,3.7,6982,3
1907,230792.197,454414.463,1.048,3.4,0.882,2.4,3.1,2.2,4.6,8.9,9645,3
1349,230662.565,454406.62,1.369,3.5,0.045,3.8,5.8,3.9,11.3,16.7,7138,3
1284,230673.829,454430.412,1.1,3.5,0.126,1.3,1.6,1.1,1.3,2.3,7184,3
1174,230652.024,454285.159,0.471,3.5,0.3,3.9,4.6,4.7,11.9,19.7,6711,3
1339,230685.381,454422.04,0.556,3.5,0.392,2.7,2.4,4.3,5.8,10.5,7064,3
1188,230660.402,454316.807,0.973,3.5,0.685,1.6,2.3,1.3,2.0,3.4,6720,3
1925,230800.976,454409.777,0.936,3.5,0.885,2.1,2.4,2.5,3.5,6.6,9425,3
1301,230685.217,454424.335,0.892,3.6,0.558,1.9,2.3,1.8,2.8,4.6,7025,3
2034,230769.042,454525.055,1.115,3.7,0.103,0.8,1.0,0.8,0.5,0.7,10058,3
1153,230668.364,454308.389,0.341,3.8,0.243,5.6,6.3,5.4,24.5,37.5,6650,3
1915,230784.14,454416.994,0.745,3.8,1.243,1.9,1.9,2.1,2.7,5.2,9410,3
2079,230773.137,454525.81,1.17,4.0,0.084,3.0,3.7,2.8,7.1,12.6,10053,3
1198,230658.719,454350.282,0.851,4.0,0.346,1.2,1.0,1.9,1.1,1.5,6748,3
1255,230683.148,454424.083,1.007,4.0,0.533,2.0,2.0,2.5,3.2,7.3,7187,3
1956,230784.864,454417.278,1.171,4.1,0.093,1.8,1.4,2.4,2.6,5.1,9657,3
2031,230768.662,454525.857,0.91,4.1,0.4,4.3,6.3,3.7,14.8,31.7,10020,3
1217,230661.01,454317.398,0.751,4.1,0.781,4.8,4.6,5.0,17.8,28.5,6690,3
1245,230673.561,454430.081,1.242,4.2,0.108,2.4,2.9,2.0,4.4,9.6,7183,3
1127,230699.819,454293.222,0.444,4.3,0.133,1.8,2.1,1.9,2.7,5.2,6384,3
1933,230800.427,454409.961,0.929,4.3,0.562,1.7,1.9,1.9,2.2,4.3,9635,3
1894,230808.117,454401.44,0.86,4.4,0.224,0.8,1.0,0.9,0.5,0.6,9546,3
2076,230769.113,454521.18,0.681,4.4,0.523,1.8,2.2,1.7,2.5,5.0,10041,3
1194,230699.951,454294.762,1.124,4.4,0.552,1.8,2.1,1.9,2.5,5.6,6718,3
1193,230708.782,454293.016,1.013,4.8,1.211,2.7,4.9,2.1,5.6,12.2,6745,3
1926,230782.804,454415.502,0.848,4.9,1.521,2.4,2.8,2.3,4.5,10.4,9412,3
1374,230686.101,454521.539,0.848,5.0,0.128,3.2,3.3,3.9,7.9,14.6,7518,3
1381,230687.92,454516.267,0.903,5.0,0.207,3.9,4.2,4.1,11.9,28.7,7399,3
1201,230699.731,454293.542,1.004,5.0,1.112,2.5,2.7,2.7,4.7,14.7,6670,3
1875,230744.181,454385.965,0.831,5.2,0.216,1.3,2.1,1.3,1.3,1.6,9261,3
1265,230686.018,454564.838,0.866,5.2,0.627,3.1,3.1,4.4,7.7,15.0,7188,3
1154,230660.002,454350.048,0.985,5.3,0.2,2.8,2.4,3.1,6.1,11.8,6633,3
1207,230659.061,454349.448,0.965,5.3,0.203,2.1,1.9,2.7,3.6,8.1,6596,3
1920,230809.596,454399.544,1.066,5.4,0.199,1.8,1.4,3.2,2.5,1.8,9636,3
1778,230746.133,454462.732,0.843,5.6,0.722,1.7,1.6,2.2,2.2,4.9,9208,3
1204,230661.681,454372.371,0.499,5.7,0.112,3.4,3.3,4.0,9.2,15.0,6737,3
1922,230784.917,454418.449,0.856,5.8,0.945,2.4,2.0,2.6,4.5,11.4,9665,3
1362,230721.596,454501.14,0.842,5.9,0.649,1.5,1.5,1.8,1.7,4.1,7329,3
1172,230661.667,454313.459,0.854,5.9,0.789,3.0,2.6,3.8,7.0,10.6,6637,3
1196,230735.554,454395.87,0.951,6.1,0.288,2.6,2.5,3.6,5.4,13.4,6992,3
1328,230686.713,454518.123,0.872,6.2,0.199,2.1,2.0,2.5,3.4,9.7,7276,3
1135,230665.863,454349.729,0.903,6.2,0.437,2.6,2.5,2.9,5.2,15.8,6685,3
1208,230663.368,454316.549,0.776,6.5,1.103,3.6,3.7,3.3,9.9,27.4,6756,3
1184,230665.969,454317.599,0.923,6.6,1.341,4.6,4.7,5.2,16.8,32.4,6716,3
1427,230688.954,454518.329,0.887,6.7,0.175,3.1,3.6,3.4,7.4,20.7,7413,3
1191,230664.926,454347.421,0.619,6.8,0.124,3.3,3.4,3.2,8.6,28.4,6667,3
1126,230650.707,454286.767,0.834,6.8,0.34,1.8,2.3,2.0,2.7,8.6,6675,3
1378,230691.871,454519.424,0.6,6.9,0.109,3.8,4.5,4.1,11.6,36.8,7487,3
1358,230708.215,454516.167,0.867,6.9,0.283,4.2,4.1,5.1,13.7,39.5,7323,3
1282,230736.424,454395.288,1.01,7.0,0.223,3.7,4.5,3.3,10.7,32.9,7046,3
2043,230787.918,454580.695,0.885,7.0,0.541,3.0,3.8,3.2,7.0,15.6,9844,3
1173,230650.738,454286.148,0.504,7.1,0.12,3.7,4.3,3.7,11.0,35.7,6671,3
1412,230685.26,454521.921,0.942,7.1,0.135,2.6,3.1,2.3,5.4,12.6,7510,3
1178,230673.633,454332.054,0.858,7.1,0.66,3.1,2.9,3.5,7.7,22.2,6665,3
1133,230665.017,454330.688,0.923,7.4,0.23,3.7,4.1,3.7,10.8,37.2,6486,3
1364,230690.085,454518.558,0.703,7.5,0.084,3.0,2.4,4.1,7.2,19.3,7412,3
1957,230781.189,454531.913,0.858,7.5,0.483,1.9,1.4,2.9,2.7,7.0,9751,3
1330,230685.942,454522.349,0.89,7.6,0.206,3.0,3.0,3.6,6.9,20.9,7225,3
1432,230708.042,454523.9,0.587,7.7,0.08,6.5,7.0,6.5,33.0,112.2,7559,3
1335,230687.301,454520.726,0.849,7.7,0.125,3.1,3.1,3.2,7.4,18.4,7410,3
1368,230684.963,454521.041,0.892,7.8,0.153,2.8,3.1,2.7,6.2,20.8,7425,3
1959,230801.284,454410.974,0.856,7.8,0.655,5.0,5.8,5.2,19.6,55.1,9631,3
1210,230666.879,454284.369,0.925,7.9,0.371,4.7,5.1,4.9,17.4,45.9,6707,3
2051,230773.357,454524.795,1.346,8.0,0.128,3.4,4.5,2.9,8.9,24.4,10062,3
1442,230691.115,454579.09,0.851,8.0,0.359,3.2,3.0,4.0,8.0,24.0,7563,3
1923,230783.8,454416.685,1.2,8.0,0.994,2.2,2.1,2.7,3.8,11.2,9622,3
1136,230661.351,454373.591,0.904,8.2,0.231,6.6,6.8,7.5,34.5,113.9,6733,3
1979,230784.06,454418.218,0.858,8.3,0.274,5.6,6.5,5.9,24.7,96.3,9667,3
1206,230680.233,454478.384,0.778,8.4,0.181,8.0,9.7,6.7,49.7,151.2,7129,3
1325,230719.269,454497.779,0.922,8.4,0.218,2.9,3.5,3.1,6.7,18.8,7367,3
1235,230679.823,454477.302,0.858,8.4,0.337,5.3,5.3,5.5,21.8,77.8,7133,3
1229,230662.498,454314.782,0.863,8.4,1.558,5.1,6.7,4.3,20.3,106.3,6614,3
1155,230659.12,454350.714,1.038,8.5,0.359,4.2,3.7,5.2,13.9,44.6,6739,3
1249,230697.82,454353.544,0.449,8.5,0.367,4.7,4.4,5.8,17.1,66.4,6750,3
1867,230815.433,454392.871,0.873,8.9,0.288,4.1,4.1,4.3,12.9,52.5,9361,3
1303,230727.512,454479.073,0.852,9.0,0.181,2.2,2.1,2.6,3.8,14.2,6995,3
1904,230802.467,454411.134,1.054,9.1,0.471,4.8,5.0,5.4,17.8,48.1,9653,3
1403,230706.283,454514.258,0.877,9.2,0.327,3.5,3.4,3.7,9.6,44.6,7362,3
1945,230746.565,454437.702,0.615,9.2,0.45,11.4,11.7,11.9,102.6,171.3,9606,3
1366,230692.045,454579.083,0.786,9.2,0.482,4.3,4.1,4.4,14.3,64.3,7562,3
1884,230784.69,454414.908,0.9,9.3,0.27,3.2,3.5,3.3,8.2,40.0,9394,3
1459,230718.516,454500.048,1.117,9.3,0.306,3.9,4.5,3.7,11.9,33.1,7566,3
1469,230693.23,454580.839,0.654,9.4,0.321,3.2,3.2,3.3,8.0,38.5,7689,3
1168,230678.302,454315.953,0.883,9.5,0.612,5.9,6.6,5.7,27.1,122.6,6660,3
1410,230735.484,454555.523,0.863,9.6,0.267,3.8,3.6,4.5,11.6,44.8,7376,3
1143,230723.086,454327.585,0.863,9.6,0.339,4.6,5.1,4.8,16.9,80.9,6490,3
2080,230791.289,454574.477,0.438,9.6,0.342,5.0,6.3,4.7,19.5,76.0,10033,3
1183,230663.065,454375.499,0.659,9.6,0.441,5.8,5.0,6.9,26.2,122.3,6729,3
1181,230721.959,454327.949,0.841,9.8,0.254,5.7,6.0,6.9,25.6,107.2,6452,3
1227,230698.477,454352.475,0.785,9.8,0.579,4.3,4.8,4.2,14.4,74.3,6749,3
1306,230691.624,454560.178,0.876,9.9,0.225,4.9,5.9,4.5,19.0,91.0,7390,3
1407,230719.471,454496.385,0.461,10.1,0.146,2.4,2.4,2.8,4.6,18.0,7339,3
1871,230815.48,454468.823,0.928,10.1,0.315,6.3,6.6,7.3,31.4,144.0,9564,3
1316,230685.91,454519.158,0.878,10.2,0.173,3.0,3.1,3.2,7.1,22.0,7407,3
1878,230814.181,454469.766,0.878,10.2,0.326,7.6,8.4,8.7,45.9,233.4,9567,3
1212,230664.13,454366.067,0.852,10.2,0.916,6.7,6.6,6.9,35.1,185.4,6758,3
1211,230674.814,454332.925,0.86,10.3,0.716,4.6,4.8,4.8,16.4,74.8,6726,3
1912,230765.787,454386.469,0.889,10.4,0.667,4.0,3.9,5.2,12.8,30.9,9612,3
1930,230766.245,454385.534,1.131,10.6,0.262,5.1,5.4,6.2,20.2,75.2,9654,3
2049,230764.108,454545.214,0.859,10.6,0.3,4.2,4.7,4.2,13.8,71.2,9781,3
2060,230768.701,454558.759,0.852,10.8,0.219,4.2,4.4,4.9,13.7,54.8,9784,3
1420,230718.905,454499.089,0.935,10.8,0.233,4.1,5.9,4.1,13.3,42.6,7387,3
1370,230688.161,454517.45,0.779,10.8,0.774,3.8,4.1,4.9,11.6,44.2,7295,3
226,230235.246,454626.525,0.934,3.0,0.212,1.6,1.4,2.5,2.1,2.9,1226,4
253,230227.349,454609.43,1.038,3.0,0.278,1.1,1.2,1.1,0.9,1.2,1428,4
150,230259.901,454653.818,0.416,3.0,0.288,1.8,1.5,2.9,2.6,3.8,1127,4
290,230271.639,454668.337,0.795,3.0,0.793,1.5,1.5,1.7,1.7,2.5,1733,4
244,230254.787,454608.917,0.331,3.1,0.051,2.9,2.2,3.6,6.7,7.7,1288,4
283,230241.513,454628.799,0.955,3.1,0.207,1.5,1.9,1.5,1.7,3.1,1544,4
175,230259.904,454654.696,0.999,3.1,0.229,1.1,1.0,1.3,0.9,0.9,1215,4
788,230399.144,454668.727,0.855,3.1,0.768,2.4,2.8,2.7,4.5,6.8,4369,4
266,230270.946,454667.399,0.89,3.1,0.844,1.3,1.6,1.1,1.4,2.2,1444,4
121,230285.488,454639.681,0.853,3.1,0.937,3.9,4.3,4.9,11.7,14.9,826,4
285,230317.668,454719.883,0.776,3.2,0.138,4.8,5.4,6.8,18.1,22.8,1571,4
744,230400.464,454688.834,0.511,3.2,0.14,1.1,1.3,1.2,1.0,1.3,4142,4
342,230271.592,454668.756,1.203,3.2,0.226,0.9,1.4,0.7,0.6,0.9,1974,4
619,230404.65,454637.151,0.541,3.2,0.333,3.5,3.3,4.4,9.6,12.5,3708,4
193,230280.068,454606.053,0.631,3.2,0.374,1.3,1.1,2.2,1.4,1.8,1028,4
314,230331.299,454705.783,0.851,3.2,0.402,7.4,6.0,9.1,43.6,77.2,1986,4
310,230318.211,454689.714,0.848,3.2,0.43,5.5,6.6,5.6,23.8,29.3,1926,4
300,230297.342,454670.561,0.76,3.2,0.504,3.6,3.6,4.1,10.4,12.2,1739,4
922,230476.633,454582.253,0.91,3.2,0.63,1.4,1.8,1.4,1.5,3.4,5169,4
579,230394.125,454634.287,1.14,3.3,0.092,2.8,3.1,3.5,6.3,15.7,3330,4
327,230300.127,454674.907,1.022,3.3,0.149,3.2,2.9,4.2,8.0,16.3,1913,4
717,230403.384,454683.999,0.438,3.3,0.168,1.7,1.3,2.1,2.1,3.5,4038,4
905,230481.696,454597.503,0.334,3.3,0.204,6.1,6.1,7.0,29.0,53.9,5149,4
180,230263.066,454659.959,0.9,3.3,0.28,1.2,1.0,1.9,1.2,1.3,1236,4
185,230227.468,454611.569,0.954,3.3,0.28,1.7,1.9,1.9,2.1,3.6,1259,4
735,230405.241,454686.317,0.503,3.3,0.331,3.2,3.2,3.8,7.8,15.6,4277,4
173,230238.17,454626.08,0.825,3.3,0.621,1.9,2.6,1.8,2.7,4.4,1014,4
183,230265.305,454657.073,0.892,3.3,1.088,1.6,1.3,2.5,2.0,3.0,1020,4
161,230324.459,454610.942,1.019,3.3,1.207,2.8,2.6,4.0,6.0,13.6,1023,4
656,230380.525,454630.773,0.798,3.3,3.201,3.5,6.2,2.6,9.5,14.5,3761,4
130,230339.692,454619.758,0.838,3.4,0.198,0.5,0.3,0.7,0.2,0.4,1032,4
587,230391.758,454633.563,1.232,3.4,0.234,2.0,1.9,2.1,3.1,8.1,3468,4
268,230264.772,454659.364,0.973,3.4,0.488,1.1,0.9,1.3,0.9,1.0,1399,4
202,230241.188,454629.747,0.881,3.4,0.574,1.3,1.1,1.4,1.3,2.2,1174,4
221,230264.697,454660.037,1.0,3.4,0.608,1.2,1.4,1.4,1.1,1.3,1262,4
203,230279.59,454664.743,0.84,3.4,0.764,1.4,1.4,1.3,1.4,2.7,1082,4
229,230318.529,454603.607,1.318,3.5,0.108,3.2,4.0,3.3,8.1,16.0,1043,4
228,230322.76,454602.961,0.348,3.5,0.136,8.2,8.2,9.8,52.5,73.6,1258,4
250,230268.834,454646.378,0.432,3.5,0.234,4.1,4.5,4.7,13.4,18.0,1529,4
301,230278.832,454674.573,0.928,3.6,0.129,4.7,6.4,3.6,17.3,37.9,1494,4
204,230266.211,454661.391,1.311,3.6,0.204,2.0,2.6,1.7,3.0,6.0,1092,4
231,230252.981,454649.172,0.998,3.6,0.245,1.0,1.2,1.1,0.7,0.8,1280,4
249,230228.064,454611.068,0.843,3.6,0.315,0.7,0.7,0.9,0.4,0.8,1195,4
282,230253.996,454608.096,0.359,3.6,0.364,3.8,3.1,5.3,11.6,23.8,1481,4
816,230340.241,454689.355,0.773,3.7,0.06,7.6,6.7,11.1,45.5,61.9,4487,4
235,230228.134,454615.549,0.959,3.7,0.143,2.0,2.2,2.0,3.0,5.2,1491,4
263,230247.955,454612.764,0.374,3.7,0.229,6.7,8.1,6.0,34.8,44.6,1488,4
612,230379.138,454678.741,0.841,3.7,0.254,2.0,2.0,2.0,3.1,4.5,3606,4
137,230324.117,454611.986,0.967,3.7,0.368,2.9,3.5,3.8,6.4,15.0,851,4
219,230253.601,454644.238,0.913,3.7,0.509,1.4,1.8,1.6,1.6,2.6,997,4
338,230296.482,454698.222,0.597,3.7,0.527,8.3,10.5,7.8,53.8,86.0,1843,4
141,230260.023,454600.33,0.449,3.8,0.073,2.7,2.2,3.9,5.8,9.0,858,4
192,230239.387,454630.405,1.084,3.8,0.346,2.1,2.5,2.2,3.4,5.5,1070,4
741,230369.981,454685.337,0.392,3.8,0.347,4.4,4.5,5.5,15.0,21.5,4109,4
294,230274.351,454670.395,0.861,3.8,1.281,4.2,4.5,5.2,13.9,22.8,1831,4
618,230396.779,454636.314,0.916,3.8,1.819,4.3,6.8,4.4,14.8,30.5,3406,4
318,230285.138,454682.266,0.656,3.9,0.33,2.1,3.0,2.3,3.6,6.4,1794,4
208,230228.915,454610.155,0.808,3.9,0.703,1.1,1.1,1.4,1.0,1.7,1000,4
326,230284.156,454682.825,0.69,3.9,0.97,2.5,2.0,3.6,4.7,6.7,1959,4
667,230367.609,454672.761,0.949,4.0,0.078,1.7,2.0,1.8,2.4,3.7,3743,4
247,230227.949,454610.177,1.029,4.0,0.231,0.8,0.8,1.0,0.4,0.5,1452,4
211,230236.493,454628.501,0.948,4.0,0.346,1.7,2.8,1.6,2.2,3.0,1181,4
224,230235.272,454622.183,0.9,4.0,0.834,2.9,3.1,3.2,6.6,15.0,1163,4
259,230240.342,454629.623,0.949,4.1,0.259,1.4,1.6,1.3,1.5,2.3,1264,4
540,230385.139,454676.368,0.732,4.1,0.572,2.5,2.7,2.4,4.9,7.4,3167,4
613,230399.264,454678.5,0.872,4.1,0.726,2.7,3.3,2.7,5.7,11.6,3728,4
278,230258.233,454645.179,0.807,4.1,0.815,2.1,2.3,2.4,3.6,7.7,1430,4
245,230239.856,454624.492,0.855,4.1,0.84,1.6,1.8,1.8,2.1,6.1,1525,4
742,230385.347,454707.307,0.811,4.1,1.195,2.9,3.8,2.5,6.8,9.6,4269,4
577,230379.551,454633.782,1.175,4.2,0.171,2.9,3.6,2.9,6.6,16.5,3429,4
257,230241.769,454630.834,1.116,4.2,0.514,1.6,1.8,1.8,1.9,4.3,1530,4
589,230390.508,454609.765,0.845,4.2,2.134,5.7,6.5,5.8,25.3,41.0,3527,4
289,230279.207,454668.18,0.488,4.3,0.167,2.0,3.1,1.6,3.2,7.9,1434,4
262,230284.765,454678.433,0.93,4.3,0.325,3.1,3.1,3.6,7.6,20.5,1426,4
230,230254.974,454612.519,0.86,4.3,0.429,3.1,4.1,2.6,7.7,14.0,1475,4
155,230251.391,454645.559,0.95,4.3,0.921,1.9,2.7,1.6,2.9,4.9,1124,4
583,230379.002,454632.903,0.842,4.3,1.093,2.5,2.2,3.3,4.7,10.5,3436,4
215,230236.469,454625.723,1.112,4.4,0.449,1.3,1.5,1.5,1.4,2.4,1453,4
177,230254.328,454646.866,0.817,4.4,0.47,1.2,1.2,1.5,1.2,1.7,1067,4
328,230288.135,454683.855,0.766,4.4,0.493,2.2,2.1,2.8,3.9,8.4,1840,4
591,230381.569,454634.566,0.817,4.4,1.713,2.5,3.0,3.5,5.0,10.5,3671,4
4861,231138.903,455265.261,0.56,3.0,0.043,2.9,4.0,2.6,6.4,9.0,24364,5
5807,231169.702,455171.444,0.366,3.0,0.072,1.5,2.1,1.2,1.7,1.9,29130,5
3945,231042.327,455320.11,0.455,3.0,0.154,2.5,5.3,1.6,5.1,7.3,19293,5
4885,231081.615,455226.169,0.848,3.0,0.181,0.7,0.6,0.8,0.3,0.7,23880,5
3937,231027.509,455324.336,0.888,3.0,0.206,0.7,0.7,0.6,0.3,0.3,19026,5
4839,231082.762,455226.206,0.904,3.0,0.227,0.6,0.6,0.7,0.3,0.5,24004,5
4844,231084.281,455208.836,0.882,3.0,0.3,1.1,1.1,1.4,0.9,1.0,23648,5
3918,231012.781,455300.325,0.824,3.0,0.395,2.2,2.2,2.4,3.6,4.6,19106,5
6036,231188.905,455304.006,1.223,3.0,0.593,1.8,1.9,2.3,2.6,4.1,30745,5
4758,231065.802,455265.093,0.333,3.1,0.055,2.4,3.1,2.5,4.6,5.2,23460,5
4932,231096.126,455194.277,0.935,3.1,0.065,0.9,0.7,1.3,0.6,0.8,24302,5
4954,231134.001,455365.735,0.397,3.1,0.073,2.2,3.5,2.3,3.9,4.7,24440,5
4878,231098.33,455199.303,0.938,3.1,0.079,1.0,0.9,1.3,0.7,1.0,24329,5
4851,231094.243,455209.36,1.02,3.1,0.091,2.1,1.8,2.6,3.4,6.4,24331,5
5162,231087.972,455308.225,0.516,3.1,0.098,1.3,1.3,1.7,1.4,2.8,25297,5
5970,231187.692,455303.362,1.104,3.1,0.107,1.2,1.2,1.3,1.2,1.8,30464,5
3947,231036.58,455319.417,0.543,3.1,0.127,2.0,2.4,1.9,3.1,4.8,19050,5
3944,231025.496,455331.349,1.071,3.1,0.149,1.1,1.4,1.1,0.9,1.3,19210,5
5982,231181.45,455347.658,0.902,3.1,0.155,1.1,1.2,1.1,0.9,1.6,30456,5
5034,231103.289,455344.922,0.912,3.1,0.159,1.0,1.5,1.0,0.8,1.2,24743,5
4998,231095.098,455341.207,1.05,3.1,0.168,0.8,0.8,1.0,0.5,0.7,24689,5
6048,231186.583,455303.871,0.956,3.1,0.182,1.1,1.3,1.2,0.9,1.3,30727,5
6042,231172.015,455326.28,1.176,3.1,0.253,0.9,1.0,1.0,0.6,1.1,30717,5
6013,231174.241,455294.063,1.079,3.1,0.257,1.0,0.8,1.3,0.8,1.1,30694,5
6018,231186.992,455301.473,0.754,3.1,0.289,1.7,2.2,1.9,2.3,2.4,30559,5
4904,231085.005,455235.926,1.006,3.1,0.299,0.9,0.9,1.0,0.6,1.1,24071,5
5159,231054.521,455328.759,1.138,3.1,0.324,1.1,1.6,0.8,0.9,1.5,25312,5
6022,231162.411,455367.312,0.791,3.1,0.405,3.2,4.0,3.6,8.1,12.3,30697,5
3862,231026.791,455321.046,0.937,3.1,0.517,1.2,1.4,1.1,1.1,1.5,19093,5
4924,231078.175,455227.399,0.879,3.1,0.521,1.2,1.2,1.4,1.1,1.8,24270,5
3843,231041.096,455318.744,0.873,3.1,0.637,1.7,2.0,2.2,2.4,4.4,19000,5
6011,231148.555,455333.872,0.764,3.1,0.639,2.1,3.2,2.0,3.5,4.2,30735,5
5053,231048.299,455318.656,0.92,3.1,0.659,3.2,2.9,4.1,8.0,9.5,25444,5
4907,231077.602,455256.418,1.33,3.2,0.043,2.9,2.6,3.8,6.7,11.1,23889,5
5957,231167.512,455317.841,1.354,3.2,0.058,4.5,4.3,5.8,16.0,19.8,30126,5
3957,230997.986,455314.788,0.614,3.2,0.077,5.4,4.4,8.2,23.1,27.3,19176,5
6032,231148.697,455351.204,1.02,3.2,0.083,1.2,1.2,1.1,1.1,1.9,30710,5
4779,231129.064,455267.021,1.164,3.2,0.091,2.5,3.1,2.6,4.8,8.7,23832,5
5125,231135.311,455327.498,0.949,3.2,0.156,1.0,1.1,1.0,0.8,1.3,25089,5
5898,231180.548,455260.971,1.148,3.2,0.171,1.1,1.2,1.1,0.9,1.3,29829,5
4808,231094.056,455209.445,0.47,3.2,0.228,1.6,1.3,2.3,1.9,2.6,23581,5
5161,231050.116,455324.296,1.302,3.2,0.502,1.8,1.8,1.7,2.5,4.4,25514,5
3779,231032.208,455318.557,1.018,3.2,0.623,1.8,2.3,1.7,2.5,5.1,19042,5
4743,231067.826,455209.381,0.432,3.2,0.746,4.0,4.7,4.3,12.8,18.7,23820,5
5936,231156.137,455360.462,0.68,3.3,0.061,3.9,5.1,3.9,11.9,12.9,30035,5
5778,231171.354,455185.034,0.458,3.3,0.094,1.5,1.5,1.5,1.7,2.3,29035,5
4875,231098.944,455196.707,0.888,3.3,0.096,0.6,0.6,0.8,0.3,0.4,23848,5
5129,231099.971,455355.194,0.341,3.3,0.098,2.9,4.0,3.7,6.5,8.6,25209,5
3950,231033.966,455318.967,0.839,3.3,0.107,1.9,2.2,1.9,2.8,4.0,19211,5
5098,231124.109,455338.299,1.221,3.3,0.11,1.3,1.4,1.4,1.3,1.9,25194,5
4821,231112.687,455209.14,0.828,3.3,0.123,0.8,0.8,1.0,0.5,0.8,23829,5
4842,231132.588,455201.419,0.802,3.3,0.124,0.9,0.8,1.2,0.6,1.1,23687,5
4915,231106.821,455224.524,0.46,3.3,0.129,1.8,2.6,2.2,2.5,3.6,24011,5
5003,231082.283,455308.089,0.884,3.3,0.131,1.7,2.1,1.5,2.2,4.5,25286,5
5987,231180.144,455319.598,0.812,3.3,0.183,0.6,0.7,0.5,0.3,0.4,30485,5
5940,231171.946,455332.597,0.729,3.3,0.219,1.1,2.6,0.6,0.9,1.2,30211,5
5897,231184.992,455254.112,1.026,3.3,0.321,1.4,1.7,1.4,1.5,2.2,29684,5
4866,231068.145,455284.069,1.152,3.3,0.335,2.8,3.5,2.9,6.0,14.0,24339,5
5996,231170.53,455345.872,0.874,3.3,0.357,2.2,1.9,3.3,3.8,9.3,30647,5
5094,231055.424,455337.143,0.976,3.3,0.36,1.7,2.6,1.3,2.2,3.8,25095,5
4724,231054.669,455180.829,0.771,3.3,0.44,1.2,1.2,1.4,1.1,2.6,23421,5
6020,231176.341,455321.445,1.223,3.3,0.454,1.4,1.9,1.1,1.6,2.6,30750,5
6034,231175.053,455320.844,0.976,3.3,0.601,1.9,2.1,2.0,2.9,5.2,30748,5
5168,231066.612,455291.52,0.966,3.3,0.73,3.1,2.8,4.0,7.5,16.0,25511,5
4887,231123.486,455263.274,0.489,3.3,3.303,5.6,7.9,4.5,24.6,26.3,23789,5
5771,231185.501,455163.504,0.428,3.4,0.063,1.4,1.1,1.9,1.4,3.2,29132,5
5977,231185.426,455354.594,0.353,3.4,0.068,0.7,1.2,1.2,0.4,0.3,30377,5
4793,231071.946,455225.482,0.541,3.4,0.193,1.6,1.9,1.5,2.0,4.4,24346,5
4858,231081.702,455229.684,0.866,3.4,0.244,0.8,0.9,0.8,0.5,0.8,23813,5
5980,231178.493,455327.028,1.231,3.4,0.352,1.9,1.8,2.2,2.7,5.6,30478,5
4792,231075.711,455208.226,0.704,3.4,0.393,1.3,1.7,1.0,1.4,2.7,23615,5
5202,231076.046,455325.109,0.915,3.4,0.486,1.2,1.4,1.3,1.1,2.7,25463,5
5092,231136.127,455350.625,0.809,3.4,0.529,1.7,1.9,1.9,2.3,4.1,24768,5
5139,231054.291,455338.17,1.055,3.4,0.694,2.1,2.3,2.1,3.5,8.0,25210,5
4797,231069.138,455213.463,0.827,3.4,0.771,3.0,4.0,2.6,7.0,14.4,23451,5
6006,231163.749,455323.274,0.856,3.4,0.861,1.7,1.3,2.3,2.2,4.7,30680,5
5989,231161.318,455369.194,0.874,3.4,0.91,2.2,2.4,2.2,3.8,8.3,30619,5
3925,231016.426,455305.59,1.278,3.5,0.071,3.2,3.7,3.9,7.9,13.8,19268,5
4945,231073.874,455218.126,0.47,3.5,0.079,2.3,2.3,2.5,4.1,9.2,24195,5
4800,231070.619,455206.173,0.388,3.5,0.097,2.3,2.4,2.4,4.1,8.0,23453,5
6026,231180.061,455318.817,1.116,3.5,0.1,1.2,1.5,1.1,1.2,2.2,30740,5
5036,231061.908,455290.498,0.464,3.5,0.114,3.0,4.4,2.8,7.2,14.8,25041,5
4753,231074.479,455217.261,0.411,3.5,0.123,2.4,2.0,3.5,4.5,6.5,23912,5
4765,231070.64,455176.084,1.064,3.5,0.132,1.0,1.3,0.9,0.8,1.1,23356,5
5985,231173.361,455338.014,0.474,3.5,0.134,3.2,3.2,4.1,7.8,8.4,30321,5
3774,231040.584,455244.576,0.466,3.5,0.145,2.6,2.9,2.4,5.2,9.1,18536,5
6000,231165.361,455308.856,0.942,3.5,0.18,4.1,4.7,4.7,13.3,23.0,30707,5
4950,231076.521,455233.107,0.871,3.5,0.201,1.2,1.1,1.5,1.1,2.5,24371,5
5019,231076.299,455326.049,0.956,3.5,0.208,0.9,1.0,1.2,0.7,1.3,24733,5
4722,231097.659,455198.443,0.838,3.5,0.244,1.9,2.1,2.0,2.7,7.7,23458,5
4884,231092.44,455211.766,0.952,3.5,0.246,2.2,2.5,2.9,3.9,4.3,24037,5
5981,231172.899,455328.871,1.041,3.5,0.265,2.8,4.0,3.2,6.2,8.0,30498,5
4653,231093.412,455187.172,0.83,3.5,0.356,1.6,1.6,1.9,1.9,2.9,23425,5
4766,231077.268,455216.388,0.852,3.5,0.413,2.6,4.0,2.0,5.3,8.2,23633,5
5968,231178.868,455317.845,0.811,3.5,0.44,2.2,2.4,2.7,3.7,5.8,30135,5
3883,231022.958,455331.597,1.088,3.5,0.463,1.7,2.2,1.6,2.2,3.8,19255,5
4755,231098.195,455170.324,0.936,3.5,0.465,1.4,1.6,1.5,1.5,2.7,23320,5
5954,231162.637,455348.471,0.811,3.5,0.479,1.9,1.9,2.3,2.8,4.4,30038,5
3916,231044.941,455317.268,0.818,3.5,0.484,1.2,1.2,1.3,1.1,2.9,19249,5
5788,231168.241,455174.843,0.467,3.6,0.085,2.1,1.6,3.1,3.6,8.6,29215,5
5753,231172.865,455184.211,0.91,3.6,0.091,0.9,0.9,0.9,0.6,1.1,29205,5
5023,231092.285,455342.519,0.39,3.6,0.097,3.0,3.6,3.6,7.2,12.1,25320,5
3787,231040.024,455262.845,0.608,3.6,0.15,2.4,2.5,3.8,4.7,6.0,18544,5
5037,231136.775,455329.594,0.813,3.6,0.153,1.6,1.6,1.9,2.0,3.6,24729,5
5907,231182.422,455203.354,0.379,3.6,0.166,2.0,1.7,2.6,3.1,5.7,29770,5
5751,231169.395,455170.881,0.782,3.6,0.167,1.2,1.1,1.6,1.1,2.0,29006,5
4868,231085.482,455192.869,0.474,3.6,0.186,2.4,2.6,3.2,4.7,8.3,24309,5
5026,231123.876,455339.341,0.85,3.6,0.189,2.3,3.1,1.7,4.2,5.9,25036,5
5220,231123.633,455337.144,0.878,3.6,0.26,1.8,1.8,2.0,2.5,3.6,25135,5
4829,231092.929,455208.438,1.25,3.6,0.272,2.1,2.0,2.4,3.3,7.3,23971,5
3970,231009.839,455318.672,0.553,3.6,0.276,3.7,3.7,4.7,10.9,18.1,19243,5
5986,231148.79,455371.968,0.484,3.6,0.4,1.0,0.8,1.4,0.7,1.4,30512,5
4790,231084.464,455183.24,1.255,3.6,0.441,2.2,2.2,2.7,3.9,4.9,23444,5
5979,231151.284,455333.519,0.756,3.6,0.503,2.6,3.0,2.3,5.2,7.6,30530,5
5212,231115.607,455339.692,0.671,3.6,0.519,3.7,3.8,4.6,10.7,24.9,25515,5
5114,231127.165,455334.9,0.968,3.6,0.718,2.5,1.9,3.8,4.8,7.4,25120,5
5971,231157.209,455331.802,0.928,3.6,1.511,4.4,4.8,5.2,14.9,25.6,30447,5
4859,231145.832,455261.663,0.84,3.7,0.106,1.9,1.8,2.3,2.7,5.5,24135,5
3776,231037.333,455261.618,1.308,3.7,0.122,2.5,3.1,2.5,5.0,12.3,18626,5
5733,231193.902,455170.087,0.727,3.7,0.154,1.0,0.8,1.6,0.7,0.8,29113,5
4763,231108.374,455218.67,0.839,3.7,0.154,1.3,1.4,1.8,1.3,1.5,24075,5
4973,231075.82,455326.783,0.889,3.7,0.163,0.7,0.7,0.7,0.4,0.7,24950,5
3830,231036.138,455258.662,1.098,3.7,0.225,1.8,1.8,2.0,2.4,5.2,18689,5
5142,231112.659,455355.818,0.924,3.7,0.232,1.7,1.5,2.5,2.4,3.4,25211,5
5928,231171.573,455317.523,0.873,3.7,0.379,4.4,4.8,4.8,15.5,19.5,29989,5
3699,231032.474,455264.733,0.834,3.7,0.471,2.3,2.7,2.6,4.1,9.6,18581,5
4968,231085.251,455308.31,0.863,3.8,0.072,1.4,1.7,1.6,1.5,2.3,24610,5
6001,231162.642,455366.091,0.786,3.8,0.074,1.7,2.5,1.5,2.3,4.1,30633,5
5118,231097.59,455355.142,0.347,3.8,0.089,2.7,3.2,2.5,5.8,7.8,25270,5
4894,231093.165,455191.259,0.928,3.8,0.104,1.3,1.2,1.6,1.2,1.9,24070,5
5741,231171.829,455172.044,0.507,3.8,0.174,1.6,1.6,1.9,2.0,4.6,28936,5
6004,231149.871,455360.138,0.83,3.8,0.351,2.3,2.3,2.6,4.0,5.1,30510,5
4991,231117.415,455351.714,0.918,3.8,0.721,4.7,5.9,4.6,17.2,27.1,24662,5
4942,231134.757,455247.126,1.148,3.8,0.875,1.7,2.3,1.6,2.4,4.2,24360,5
5056,231137.741,455320.505,0.902,3.9,0.075,1.7,1.8,1.7,2.3,4.5,25083,5
5280,231090.707,455338.778,0.35,3.9,0.077,1.9,2.0,2.4,2.7,3.9,25349,5
5158,231130.111,455338.342,0.492,3.9,0.205,1.7,1.8,2.1,2.2,3.3,25482,5
5919,231187.165,455345.158,0.786,3.9,0.607,1.6,1.6,1.8,1.9,3.7,30052,5
3872,231021.921,455320.475,0.832,3.9,0.642,1.3,1.5,1.2,1.4,3.2,19120,5
5222,231137.484,455341.252,1.343,3.9,0.649,2.4,2.7,2.4,4.7,7.8,25517,5
5103,231126.519,455339.883,1.299,4.0,0.065,1.8,2.1,1.6,2.6,5.3,25500,5
3837,231014.358,455239.951,0.411,4.0,0.178,1.8,2.0,2.0,2.5,5.0,18665,5
3856,231026.573,455324.311,0.911,4.0,0.226,0.9,1.0,0.9,0.7,1.1,18903,5
5154,231120.929,455352.824,0.512,4.0,0.282,1.9,2.3,1.7,2.7,4.9,25318,5
5781,231186.167,455175.485,0.534,4.0,0.305,3.0,2.9,3.7,7.3,11.7,29204,5
5997,231183.629,455316.363,1.082,4.0,0.331,1.7,1.3,2.6,2.3,4.6,30661,5
4683,231070.801,455218.969,0.89,4.0,0.403,1.8,1.9,2.1,2.4,4.5,23556,5
3896,231037.934,455321.264,1.217,4.0,0.413,2.6,3.0,2.5,5.3,11.6,19212,5
5865,231165.875,455233.888,0.864,4.0,0.499,2.0,3.0,2.0,3.3,4.0,29362,5
4709,231075.262,455209.7,0.669,4.1,0.121,2.1,2.2,2.0,3.6,5.3,23570,5
4920,231081.732,455227.084,0.895,4.1,0.211,1.2,1.6,1.1,1.1,2.0,24154,5
6028,231171.015,455326.162,0.934,4.1,0.933,3.0,2.3,3.7,7.3,13.7,30658,5
5918,231156.42,455202.978,1.359,4.2,0.103,2.0,2.3,2.2,3.1,5.1,29956,5
5260,231049.901,455327.369,0.849,4.2,0.18,2.4,2.9,2.2,4.4,11.6,25326,5
5105,231055.69,455328.253,0.905,4.2,0.299,1.2,1.9,0.9,1.1,1.7,25073,5
4846,231070.183,455220.484,1.147,4.2,0.557,3.3,3.4,5.2,8.6,14.0,24227,5
4807,231082.82,455256.614,0.344,4.3,0.051,2.4,2.0,3.8,4.3,13.3,23479,5
4940,231067.794,455221.677,0.719,4.3,0.127,2.2,2.5,2.2,3.9,9.1,24337,5
85,230298.578,454384.63,1.356,3.0,0.057,1.7,2.0,1.5,2.2,3.9,626,6
510,230404.111,454367.548,1.172,3.0,0.162,1.6,1.4,1.8,2.0,3.9,2677,6
118,230293.189,454423.403,1.147,3.0,0.265,3.7,3.5,3.9,10.8,17.5,689,6
505,230359.781,454446.752,0.892,3.0,1.863,2.1,2.3,2.6,3.5,5.1,2983,6
119,230339.61,454375.953,0.924,3.1,0.145,0.6,0.6,0.9,0.3,0.5,325,6
86,230302.69,454380.422,1.197,3.1,0.275,4.0,5.0,4.1,12.5,14.7,349,6
19,230330.13,454344.917,1.163,3.1,0.315,4.2,6.1,3.1,14.0,27.1,38,6
54,230291.521,454316.671,0.78,3.1,0.402,1.8,3.0,2.0,2.4,2.8,283,6
418,230367.181,454313.758,0.469,3.1,0.772,0.8,0.7,1.1,0.6,0.7,2144,6
437,230392.678,454367.497,1.233,3.1,0.89,1.1,1.3,1.1,0.9,1.2,2433,6
468,230388.594,454368.491,0.894,3.1,2.856,5.0,7.8,4.7,19.5,33.7,2365,6
515,230427.619,454405.187,1.124,3.2,0.235,0.8,0.8,1.5,0.5,0.6,3052,6
128,230304.287,454395.228,1.34,3.2,0.258,5.5,5.6,6.1,23.7,30.2,718,6
360,230341.962,454373.855,0.852,3.2,1.488,5.1,7.7,3.7,20.7,27.5,2298,6
103,230292.529,454372.96,0.793,3.3,0.605,1.8,1.9,1.8,2.5,5.5,309,6
51,230303.39,454318.89,1.237,3.3,0.687,2.8,3.0,2.9,6.1,16.3,229,6
66,230303.293,454285.329,1.132,3.3,1.561,5.4,6.3,4.6,22.8,27.8,278,6
74,230325.644,454345.596,1.136,3.4,0.754,2.3,2.6,2.2,4.2,9.4,314,6
71,230306.678,454361.752,1.166,3.4,2.075,2.3,2.5,2.4,4.2,8.7,313,6
107,230305.584,454383.078,0.382,3.5,0.227,4.3,4.5,5.1,14.8,29.6,673,6
76,230290.805,454316.761,1.206,3.5,0.31,4.5,5.8,5.0,15.7,25.2,306,6
425,230403.161,454367.019,0.929,3.5,0.782,2.4,3.1,2.3,4.6,10.2,2415,6
73,230308.021,454374.629,0.957,3.5,1.734,3.3,4.3,3.6,8.4,18.8,268,6
57,230303.226,454317.684,0.838,3.6,0.432,1.8,2.1,1.8,2.6,6.1,273,6
478,230341.093,454374.821,0.456,3.6,0.496,4.1,3.8,5.7,13.2,22.9,2376,6
134,230309.711,454366.667,1.103,3.6,0.772,2.7,4.0,1.8,5.7,5.1,690,6
117,230303.279,454397.221,1.303,3.7,0.054,1.8,2.2,1.6,2.6,6.4,734,6
46,230311.243,454366.881,1.229,3.8,0.359,1.7,1.6,2.3,2.2,4.6,152,6
487,230405.841,454448.257,0.583,3.8,0.728,1.8,2.0,2.2,2.5,4.4,2727,6
405,230369.299,454320.612,0.939,3.8,1.145,3.5,3.4,4.0,9.5,22.7,2316,6
419,230370.768,454312.771,0.456,3.9,0.055,3.2,4.2,3.2,8.2,15.3,2097,6
90,230303.524,454394.23,0.991,3.9,0.301,5.7,6.1,6.2,25.6,48.4,726,6
522,230402.212,454446.619,0.85,4.0,0.29,1.7,2.2,1.7,2.2,2.2,2660,6
50,230311.506,454364.676,0.98,4.0,0.458,1.7,2.2,1.7,2.3,4.0,148,6
67,230310.655,454366.67,1.276,4.0,0.81,1.4,1.9,1.4,1.6,3.5,323,6
68,230302.033,454381.568,1.294,4.1,0.174,3.3,2.9,4.6,8.6,16.3,341,6
58,230292.344,454307.877,0.369,4.1,0.202,7.0,7.6,9.7,38.2,48.5,324,6
65,230304.176,454356.595,0.887,4.1,0.265,1.9,2.2,1.8,2.7,5.6,280,6
24,230314.594,454370.134,1.247,4.1,0.275,2.1,2.0,2.5,3.6,9.2,136,6
143,230297.496,454394.421,0.953,4.1,0.855,4.9,4.7,6.4,18.8,48.3,503,6
61,230301.208,454356.866,0.888,4.1,1.279,2.5,2.6,2.5,5.1,14.6,307,6
427,230419.119,454359.939,1.308,4.2,0.099,3.7,3.8,4.1,10.7,18.7,2421,6
45,230311.163,454368.409,0.838,4.2,0.521,1.3,1.1,1.6,1.3,2.5,177,6
81,230323.677,454346.376,1.149,4.3,0.333,1.9,1.5,2.6,2.8,6.5,315,6
99,230303.464,454358.357,1.323,4.3,0.405,3.5,3.6,4.5,9.6,14.1,320,6
60,230297.546,454370.184,1.117,4.4,0.187,2.2,2.7,2.0,4.0,9.5,294,6
513,230357.111,454441.862,0.529,4.4,0.213,2.4,2.7,2.5,4.5,12.5,3051,6
109,230312.487,454363.715,1.008,4.4,0.949,2.2,2.9,2.3,3.9,9.6,322,6
23,230325.646,454344.401,0.966,4.4,1.242,3.9,4.5,4.1,11.8,24.3,50,6
324,230370.269,454314.907,1.338,4.5,0.158,5.7,5.6,6.7,25.9,58.9,2001,6
55,230323.622,454345.511,1.235,4.5,0.181,2.3,2.5,2.9,4.3,12.0,191,6
403,230367.773,454313.827,1.187,4.5,0.323,1.8,1.7,1.7,2.4,5.3,2388,6
69,230296.199,454371.331,0.4,4.5,0.785,3.5,4.6,3.0,9.8,26.8,173,6
95,230294.574,454419.599,1.324,4.6,0.086,1.9,2.3,1.9,2.7,6.4,721,6
80,230294.863,454392.035,1.21,4.6,0.112,3.3,4.4,3.1,8.3,20.9,588,6
64,230311.985,454365.415,1.099,4.6,0.71,2.1,1.9,2.9,3.4,6.1,293,6
72,230315.499,454369.74,1.092,4.6,1.826,3.2,2.8,3.9,7.9,15.4,297,6
41,230310.184,454367.532,0.813,4.7,0.573,2.3,2.6,2.3,4.3,12.6,179,6
415,230418.002,454362.275,0.58,4.8,0.098,2.0,1.8,2.3,3.0,5.4,2373,6
34,230286.956,454290.072,0.349,4.8,0.142,11.1,15.4,14.7,96.8,226.4,251,6
503,230415.816,454444.818,1.209,4.8,0.334,2.1,2.5,2.2,3.3,7.4,3039,6
509,230403.071,454446.807,0.994,4.9,0.169,1.4,1.6,1.6,1.6,3.5,3009,6
519,230358.249,454442.5,1.305,4.9,0.23,2.4,2.4,2.8,4.5,11.6,3012,6
485,230403.203,454447.237,0.762,4.9,0.401,1.3,1.4,1.6,1.3,2.6,2623,6
3564,231013.401,454471.944,0.372,3.0,0.103,4.7,4.0,5.3,17.0,19.6,17170,7
4644,231084.974,454560.478,0.847,3.0,0.331,0.9,1.0,1.0,0.7,0.9,22899,7
3675,230993.233,454519.779,1.196,3.0,0.617,1.0,1.1,0.9,0.8,1.1,18079,7
5664,231204.902,454455.643,0.807,3.1,0.321,0.4,0.2,0.7,0.1,0.2,28262,7
3712,230979.034,454588.998,0.827,3.1,0.553,1.9,2.1,2.6,2.9,5.3,18260,7
4698,231111.952,454516.399,0.435,3.2,0.107,2.2,2.5,2.4,3.8,5.3,22977,7
3339,231016.104,454477.006,0.425,3.2,0.12,2.6,3.1,2.9,5.2,6.7,16639,7
3643,231014.392,454482.352,0.568,3.3,0.499,2.6,2.7,2.2,5.2,7.3,18002,7
3761,231032.652,454597.792,1.107,3.3,0.61,2.1,2.2,2.5,3.4,4.4,18440,7
4645,231074.797,454507.946,0.789,3.3,0.771,3.6,3.7,4.1,10.1,10.7,22821,7
4687,231122.854,454553.861,1.041,3.3,0.776,2.6,2.5,3.0,5.4,13.9,22593,7
4589,231096.842,454527.434,0.748,3.5,0.75,1.8,1.7,2.2,2.6,5.0,23008,7
3720,231007.298,454498.17,1.168,3.6,0.82,2.5,3.3,2.2,4.8,7.6,18034,7
4650,231099.125,454528.836,0.975,3.7,0.217,1.7,2.0,1.4,2.1,4.2,22806,7
3710,230994.617,454555.931,0.714,3.7,1.474,4.3,4.0,6.4,14.4,19.2,17993,7
4612,231096.283,454548.462,0.921,3.8,0.624,1.7,2.3,1.3,2.3,4.3,22913,7
4313,231131.761,454449.092,0.965,3.9,0.422,5.6,7.7,7.0,24.3,36.9,21862,7
4606,231078.905,454492.719,0.799,3.9,0.521,2.0,2.3,2.3,3.0,4.2,22941,7
3705,230980.14,454591.657,0.816,3.9,1.335,2.8,2.8,3.4,6.0,9.8,18221,7
3778,230981.975,454591.506,1.333,4.0,0.399,1.8,1.8,2.3,2.4,5.6,18476,7
4635,231079.682,454494.993,0.943,4.1,0.289,1.8,1.7,2.3,2.6,3.7,22740,7
3612,231005.155,454498.909,0.393,4.1,0.342,3.1,3.1,3.6,7.3,12.4,17568,7
3751,230981.19,454590.537,0.939,4.2,0.218,1.5,1.5,1.6,1.7,4.1,18377,7
4674,231124.067,454551.512,1.311,4.4,0.275,2.9,2.0,4.4,6.5,10.9,23012,7
5659,231175.233,454436.646,0.714,4.6,0.425,1.7,1.8,1.9,2.4,5.1,28444,7
4625,231139.22,454523.521,0.854,4.7,0.147,2.4,2.3,2.6,4.4,10.8,22680,7
4671,231100.547,454528.422,0.564,4.8,0.349,4.0,5.1,3.8,12.6,23.9,22992,7
3663,231005.99,454494.586,0.362,4.9,0.578,3.0,3.6,3.8,7.2,8.3,18113,7
5804,231166.714,454588.867,0.37,5.0,0.051,3.4,4.9,2.8,9.1,15.8,28928,7
3571,231010.567,454477.792,0.989,5.0,0.401,2.3,3.1,1.9,4.3,7.5,17093,7
3747,231010.223,454542.141,1.145,5.0,0.446,5.4,6.6,4.7,22.9,56.4,18100,7
4708,231065.765,454559.306,0.371,5.1,0.228,3.6,3.4,4.4,9.9,18.3,22981,7
4660,231140.157,454518.946,0.314,5.3,0.067,2.9,2.6,3.8,6.4,11.8,22850,7
4727,231144.425,454519.824,0.454,5.3,2.591,5.8,10.7,4.6,26.7,37.2,23006,7
5756,231205.907,454543.734,0.723,5.4,0.238,0.3,0.2,0.6,0.1,0.1,28696,7
5758,231151.453,454582.292,0.898,5.6,0.375,2.9,3.1,3.4,6.5,20.3,28927,7
4684,231093.36,454548.914,1.225,5.7,1.284,2.1,1.8,2.7,3.4,7.0,23018,7
4599,231093.578,454547.691,1.329,5.9,0.087,2.2,2.3,2.5,3.7,7.9,23022,7
4530,231095.431,454548.989,0.81,5.9,0.682,3.5,3.3,4.4,9.4,20.5,22315,7
4583,231054.527,454533.779,1.374,6.0,0.05,2.0,2.0,2.2,3.1,6.9,23005,7
4695,231094.663,454546.206,1.313,6.4,0.286,2.9,3.4,3.0,6.6,18.4,23001,7
4573,231066.121,454499.945,0.346,6.5,0.145,4.1,4.4,5.7,13.3,32.9,22970,7
4540,231125.923,454501.011,0.854,6.6,0.589,3.3,3.4,4.0,8.5,12.2,22322,7
5588,231184.135,454465.805,0.886,6.9,0.149,3.3,3.2,3.7,8.8,27.7,28223,7
3698,231025.303,454533.75,1.277,6.9,0.267,4.2,5.5,4.2,13.9,37.0,18023,7
4685,231124.535,454559.415,0.838,7.0,0.623,2.9,4.0,2.6,6.7,16.0,22956,7
4641,231120.918,454563.072,0.396,7.2,0.129,7.3,9.9,6.1,41.9,61.7,22881,7
5568,231179.639,454436.776,0.888,7.4,0.206,4.6,6.5,4.1,16.6,67.3,28176,7
3702,231022.765,454535.123,0.326,7.7,0.186,3.0,3.8,2.7,6.9,17.2,18108,7
4586,231085.906,454558.738,0.92,7.7,0.408,3.1,3.4,3.4,7.7,18.1,22903,7
4664,231064.734,454515.365,0.345,8.0,0.132,3.6,3.7,3.9,9.9,32.7,23000,7
4651,231076.807,454549.812,0.578,8.1,0.402,3.4,3.2,4.1,9.3,37.1,22911,7
4485,231132.31,454470.594,0.649,8.2,0.217,4.7,5.8,5.0,17.2,50.8,22225,7
4647,231121.236,454579.099,0.381,8.3,0.104,5.9,5.7,6.7,27.4,124.9,22513,7
5794,231146.468,454583.556,0.351,8.4,0.114,6.5,7.2,8.5,33.0,75.1,28924,7
3721,231025.859,454534.993,1.139,8.4,0.129,3.7,4.7,3.2,10.5,46.7,18104,7
4688,231047.493,454562.395,0.866,8.4,0.184,3.8,3.6,4.4,11.5,35.3,22930,7
5701,231175.102,454580.3,0.846,8.7,0.179,3.1,3.0,3.5,7.5,29.0,28670,7
3639,231013.101,454585.962,1.284,8.9,0.824,3.7,4.5,3.8,11.0,34.3,18472,7
5626,231191.321,454428.639,0.493,9.0,0.059,6.6,8.2,7.1,34.5,61.2,28249,7
5684,231174.963,454432.952,0.361,9.0,0.099,5.3,5.1,5.9,21.8,95.1,28446,7
4490,231133.347,454474.103,0.399,9.0,0.586,3.9,3.5,4.2,11.7,49.5,22232,7
4584,231096.431,454530.165,0.937,9.1,0.205,4.1,4.0,4.7,12.9,45.4,22613,7
4575,231098.345,454522.776,0.377,9.3,0.096,3.8,5.1,3.5,11.1,37.9,22474,7
4737,231105.767,454513.99,1.17,9.3,0.168,3.4,3.3,4.1,8.9,40.4,23016,7
4493,231143.716,454574.541,0.858,9.4,0.273,6.9,6.8,9.4,37.8,139.5,22500,7
5712,231177.511,454436.65,0.857,9.5,0.187,3.6,3.4,4.3,10.5,44.2,28466,7
4638,231076.491,454502.09,1.216,9.5,0.209,5.0,4.9,6.1,20.0,67.5,22549,7
3495,231010.936,454479.247,0.886,9.5,0.251,4.8,4.8,5.3,18.2,89.6,17177,7
4564,231115.803,454509.467,0.355,9.6,0.177,4.8,5.2,5.3,17.8,68.0,22576,7
5795,231164.703,454591.425,0.844,9.6,0.219,4.8,4.8,6.0,17.8,82.2,28877,7
4509,231052.403,454540.258,0.861,9.6,0.234,4.5,4.2,5.0,15.7,57.4,22578,7
4562,231139.447,454515.581,0.857,9.7,0.148,3.4,3.9,3.2,9.1,26.3,22686,7
4537,231135.351,454465.898,0.847,9.7,0.185,7.0,10.1,6.0,38.9,75.2,22180,7
3611,231017.548,454503.316,0.827,9.7,1.058,5.9,6.5,5.6,27.4,134.0,17293,7
4375,231103.299,454465.398,1.312,9.8,0.078,6.0,7.1,6.3,28.6,110.2,21634,7
4711,231115.429,454591.721,0.864,9.8,0.215,4.0,3.7,4.4,12.5,49.6,23103,7
4441,231099.591,454471.796,0.878,9.9,0.154,2.9,3.2,2.7,6.6,19.7,21855,7
5531,231184.198,454453.662,0.886,9.9,0.202,4.4,4.2,4.7,15.5,74.8,28143,7
4616,231095.352,454547.083,1.273,10.0,0.208,5.4,5.2,5.9,22.7,113.0,23010,7
4705,231074.729,454519.335,1.294,10.0,0.247,3.7,3.7,4.5,10.8,35.3,23021,7
4456,231130.8,454473.145,0.933,10.4,0.195,4.7,5.0,5.2,17.6,83.0,22234,7
4767,231058.564,454583.05,0.924,10.4,0.21,5.0,4.9,5.3,19.8,96.7,23131,7
4497,231116.718,454447.16,0.836,10.4,0.237,4.6,5.5,4.7,16.9,71.5,21800,7
3633,231027.567,454498.283,0.873,10.5,0.189,2.6,2.5,2.8,5.4,26.1,17970,7
4559,231120.397,454538.097,0.839,10.5,0.256,4.0,4.9,3.8,12.5,49.2,22887,7
5571,231167.856,454466.639,0.86,10.6,0.238,3.8,3.9,4.2,11.3,38.0,28428,7
3717,231023.867,454545.768,0.78,10.6,1.136,5.7,5.7,5.6,25.3,95.2,18040,7
4471,231072.9,454444.243,0.894,10.7,0.211,3.7,4.2,3.5,10.8,39.4,21877,7
5618,231175.287,454429.31,0.862,10.7,0.228,4.1,4.5,4.7,12.9,59.2,28424,7
5609,231154.667,454463.025,0.398,10.7,0.301,4.2,4.2,5.3,14.0,40.4,28163,7
4451,231070.78,454463.985,0.368,10.8,0.142,4.9,4.8,5.1,18.7,79.7,21863,7
5670,231187.874,454435.456,1.01,10.8,0.182,3.0,2.9,3.5,6.9,28.5,28246,7
5606,231177.939,454441.976,0.891,10.8,0.227,3.5,3.6,3.9,9.6,38.2,28185,7
4556,231106.347,454580.791,0.929,10.9,0.481,4.1,4.9,2.9,12.9,45.3,22514,7
4542,231088.264,454538.827,0.83,11.1,0.29,3.9,4.0,4.2,12.1,63.1,22538,7
4526,231054.794,454499.014,0.88,11.1,0.293,8.8,10.0,9.5,60.2,180.9,22425,7
4700,231107.884,454498.092,0.859,11.2,0.204,4.5,4.0,5.7,15.9,58.2,22888,7
5747,231172.033,454550.618,0.852,11.2,0.212,3.3,3.1,3.5,8.5,29.9,28674,7
4710,231086.355,454549.598,0.898,11.2,0.23,6.2,7.8,6.7,30.7,98.7,22898,7
4740,231100.196,454557.769,0.934,11.3,0.172,3.8,4.8,3.4,11.6,39.9,22934,7
5812,231150.855,454582.901,0.81,11.3,1.479,5.0,5.6,5.3,19.8,100.9,28922,7
4628,231137.444,454521.83,0.855,11.4,0.191,3.3,3.0,3.6,8.6,46.5,22539,7
5748,231161.903,454595.388,0.844,11.4,0.219,4.1,4.4,4.2,13.2,91.2,28875,7
3674,231022.818,454541.823,0.875,11.4,0.343,4.9,4.6,5.4,18.6,111.4,17601,7
3605,231004.04,454501.608,0.882,11.4,0.484,6.6,8.5,6.2,34.3,186.0,17494,7
5785,231190.384,454498.378,0.907,11.5,0.237,5.0,4.6,5.6,19.3,94.3,28793,7
3715,231020.918,454582.539,0.886,11.5,0.41,4.9,4.9,5.2,18.5,112.1,18227,7
4382,231084.016,454449.764,0.873,11.6,0.274,4.1,4.1,4.6,13.2,70.1,21856,7
4658,231069.376,454527.296,0.844,11.6,0.286,4.6,5.4,4.9,16.3,76.5,22554,7
3768,231031.422,454594.62,0.399,11.6,0.535,9.3,8.3,11.3,67.9,285.6,18454,7
4690,231099.185,454572.476,0.441,11.7,0.088,3.8,3.3,4.7,11.3,60.4,22873,7
5558,231164.71,454463.246,0.44,11.7,0.117,4.3,4.5,4.1,14.4,49.0,28146,7
4565,231100.763,454565.01,0.865,11.8,0.242,4.3,4.5,4.4,14.8,80.1,22460,7
4677,231094.17,454578.912,0.827,11.8,0.247,4.4,4.5,4.6,15.5,77.3,22575,7
3706,231035.964,454592.942,0.829,11.8,0.303,6.2,6.2,6.2,30.1,148.5,18170,7
4707,231086.247,454509.056,0.486,11.9,0.163,5.5,5.9,6.0,24.2,64.1,22974,7
858,230413.272,454810.135,0.89,3.0,0.115,0.9,0.9,1.2,0.6,0.8,4858,8
846,230387.024,454785.095,1.204,3.0,0.219,1.4,1.6,1.6,1.6,3.1,4722,8
1068,230499.643,454827.895,1.3,3.0,0.341,1.4,1.1,2.0,1.6,2.8,6065,8
1023,230468.355,454880.331,0.351,3.0,0.563,3.4,3.6,3.5,9.3,11.2,6014,8
856,230411.152,454808.832,0.639,3.1,0.076,2.2,2.6,2.4,3.8,4.8,4741,8
1099,230502.208,454853.451,1.3,3.1,0.104,3.9,4.8,4.3,12.0,21.3,5868,8
1088,230478.867,454899.397,0.991,3.1,0.116,2.0,2.1,1.8,3.0,6.1,6339,8
1037,230502.327,454849.244,0.426,3.1,0.286,3.0,2.3,4.7,6.9,15.5,5717,8
1078,230464.511,454890.627,0.366,3.1,0.504,3.1,3.2,3.6,7.5,8.0,6319,8
1044,230475.508,454899.271,0.943,3.1,0.812,1.6,1.7,1.8,2.0,4.3,6235,8
977,230457.698,454703.061,0.865,3.1,0.849,1.8,2.0,1.9,2.5,5.2,5484,8
1129,230486.713,454887.549,0.97,3.1,0.867,3.7,4.9,4.3,10.7,17.2,6287,8
998,230467.234,454872.406,1.256,3.2,0.062,5.2,6.3,6.9,21.0,33.9,5499,8
767,230431.613,454786.933,0.417,3.2,0.121,6.4,8.8,6.1,31.7,46.6,4536,8
1045,230459.599,454884.981,1.317,3.2,0.218,1.9,1.9,2.3,2.9,6.4,6175,8
1054,230464.428,454883.584,0.579,3.2,0.324,1.1,1.3,1.2,1.0,1.3,6293,8
1062,230493.589,454859.618,1.096,3.2,0.908,1.6,1.9,1.4,2.0,4.2,6004,8
1038,230496.925,454857.902,1.028,3.2,1.1,2.1,2.0,2.1,3.5,7.4,5878,8
1071,230500.138,454853.819,0.415,3.3,0.145,3.7,3.9,4.4,10.7,20.8,6029,8
973,230435.306,454795.117,0.839,3.3,0.706,1.6,1.8,1.7,2.1,3.7,5609,8
845,230414.227,454803.241,0.883,3.4,0.161,1.3,0.8,1.9,1.3,2.0,4833,8
862,230412.633,454809.637,0.602,3.4,0.216,2.0,2.3,2.2,3.0,7.0,4824,8
851,230436.198,454791.399,1.167,3.4,0.582,1.2,1.7,1.1,1.2,2.2,4875,8
1034,230492.686,454854.385,0.894,3.4,1.077,2.1,2.0,2.4,3.3,9.1,5949,8
959,230473.259,454688.449,1.228,3.5,0.147,1.9,1.9,2.1,2.8,4.8,5491,8
1079,230496.214,454855.34,0.798,3.5,0.389,2.2,2.2,2.8,3.9,10.8,5753,8
1029,230467.221,454876.082,0.766,3.5,0.593,4.1,5.5,3.9,13.3,29.0,5604,8
835,230401.045,454812.747,0.5,3.5,9.853,5.2,6.7,4.8,20.9,38.4,4821,8
823,230378.716,454786.037,0.453,3.6,0.17,2.1,1.9,2.4,3.5,8.5,4649,8
837,230414.432,454805.339,0.825,3.6,0.188,1.3,1.5,1.4,1.3,2.6,4770,8
1089,230434.474,454791.71,0.836,3.6,0.462,1.5,1.3,1.6,1.7,4.3,5778,8
1047,230470.355,454854.745,0.957,3.6,0.578,3.6,3.9,5.1,10.2,19.1,5737,8
1041,230471.36,454855.067,0.959,3.6,1.194,2.4,2.3,2.7,4.3,10.4,5882,8
1067,230476.285,454876.766,0.503,3.7,0.062,4.8,3.6,6.6,18.2,29.2,5901,8
877,230436.674,454792.614,1.253,3.7,0.191,1.7,2.0,1.9,2.3,4.1,4872,8
867,230435.099,454791.18,1.207,3.7,0.726,1.7,2.2,1.9,2.2,4.2,4871,8
732,230379.431,454780.248,0.901,3.7,0.841,1.7,2.1,2.0,2.3,3.3,4220,8
1050,230493.894,454854.511,0.879,3.7,0.934,2.0,1.9,2.8,3.1,6.0,5715,8
1013,230494.019,454855.648,0.769,3.8,0.363,1.3,1.5,1.2,1.4,3.3,5777,8
843,230412.596,454806.645,0.732,3.9,0.075,2.0,2.0,2.5,3.0,4.3,4855,8
879,230455.953,454670.926,0.607,3.9,0.44,3.7,2.3,5.7,10.6,14.6,5158,8
1097,230494.23,454855.248,1.198,3.9,0.506,1.6,2.2,1.7,2.1,3.2,6072,8
1061,230467.651,454875.537,1.015,3.9,0.701,2.5,3.0,2.0,5.0,13.5,5989,8
1087,230494.082,454857.24,0.893,3.9,0.813,1.8,2.2,1.8,2.6,6.3,6011,8
815,230432.008,454792.171,0.917,3.9,1.337,3.0,3.1,3.6,6.8,16.9,4694,8
1008,230470.749,454835.047,0.745,3.9,1.351,2.8,3.1,2.8,6.1,10.7,5504,8
814,230436.028,454792.152,0.846,4.0,0.299,1.5,1.7,1.3,1.7,4.1,4682,8
966,230452.791,454861.559,0.72,4.1,0.182,3.1,3.9,3.2,7.6,19.1,5500,8
821,230432.51,454789.735,0.562,4.1,0.488,3.5,3.3,4.1,9.4,25.3,4685,8
1015,230492.576,454857.423,0.964,4.1,0.777,1.5,1.4,1.9,1.9,4.3,5855,8
868,230434.782,454793.289,1.175,4.1,0.852,1.5,1.7,1.9,1.7,3.8,4873,8
1051,230464.572,454882.033,0.943,4.2,0.298,4.0,5.5,3.5,12.7,22.2,5938,8
825,230379.34,454785.319,0.933,4.2,0.371,2.8,3.0,3.1,6.2,14.4,4772,8
1025,230468.763,454881.801,0.355,4.2,0.672,4.5,5.8,4.2,16.2,24.3,5900,8
878,230434.671,454790.235,1.192,4.2,0.831,1.5,1.8,1.5,1.8,3.9,4881,8
1031,230492.918,454856.24,0.79,4.2,0.886,1.5,1.6,1.8,1.8,4.5,5774,8
1109,230494.612,454858.158,0.893,4.3,0.344,2.4,2.4,2.7,4.4,11.4,6057,8
1052,230459.135,454882.802,0.456,4.3,0.441,1.8,1.5,2.1,2.5,5.0,5947,8
1046,230468.206,454870.875,0.393,4.5,0.109,4.2,6.1,3.3,14.0,28.4,5986,8
832,230435.103,454788.741,0.852,4.5,0.443,2.0,1.7,2.6,3.2,9.5,4667,8
841,230412.147,454801.844,0.593,4.6,0.115,1.4,1.2,1.8,1.5,3.5,4792,8
857,230409.864,454803.067,0.722,4.6,0.147,2.7,3.8,2.5,5.7,13.0,4862,8
1063,230459.389,454884.202,0.887,4.6,0.252,1.4,1.5,1.7,1.6,3.7,6321,8
807,230434.14,454794.31,1.148,4.6,0.789,2.1,2.1,2.6,3.3,9.1,4693,8
817,230409.298,454820.94,0.889,4.7,0.456,2.4,2.4,2.7,4.6,7.6,4756,8
831,230393.341,454797.604,0.591,4.8,0.342,4.4,4.9,4.9,15.1,35.4,4739,8
1035,230458.142,454883.592,0.996,4.8,0.638,1.6,2.0,1.5,2.0,5.4,5981,8
987,230471.55,454837.174,0.661,4.8,0.889,4.6,4.9,5.7,16.6,40.1,5508,8
1091,230458.201,454885.202,1.258,4.8,1.154,2.7,3.6,3.1,5.8,12.2,6370,8
953,230455.209,454702.551,0.895,5.0,0.749,1.9,1.8,2.7,2.8,6.8,5335,8
917,230454.652,454671.063,0.392,5.1,0.096,3.8,3.3,4.9,11.1,32.0,5179,8
749,230431.356,454771.06,1.176,5.1,0.595,4.9,5.6,4.5,18.9,34.7,4122,8
2839,230904.959,454481.325,0.388,3.0,0.167,2.2,2.6,2.4,3.8,6.1,13350,9
3692,230989.256,454518.091,1.13,3.0,0.229,0.8,0.7,1.4,0.5,0.6,18095,9
2675,230908.759,454473.47,0.847,3.0,0.393,0.9,1.0,1.1,0.7,1.0,12789,9
2726,230859.337,454434.847,1.142,3.0,0.402,1.0,1.1,0.9,0.7,0.9,13049,9
1943,230837.484,454432.199,0.832,3.0,1.703,2.7,2.6,3.2,5.9,10.5,9650,9
2877,230908.999,454474.276,1.065,3.1,0.529,1.2,1.6,1.1,1.1,1.1,13519,9
2791,230889.02,454408.324,1.035,3.1,0.594,6.7,6.7,8.4,35.0,49.1,13037,9
2740,230857.562,454435.21,1.115,3.1,0.682,1.1,1.3,1.0,0.9,1.6,13057,9
2653,230849.14,454400.277,0.895,3.1,0.722,1.8,1.8,2.0,2.5,4.0,12614,9
2648,230861.985,454400.581,0.701,3.1,0.758,3.1,3.5,3.0,7.5,11.4,12671,9
3737,230955.804,454531.04,0.937,3.1,1.922,4.9,8.2,4.3,18.6,26.0,18058,9
2703,230857.29,454431.422,0.843,3.2,0.48,2.6,2.3,3.6,5.3,5.8,12989,9
2678,230848.215,454402.351,0.81,3.2,0.577,0.9,1.0,0.9,0.6,1.1,12976,9
2866,230923.455,454484.84,1.216,3.3,0.133,1.2,1.1,1.5,1.1,2.3,13572,9
2665,230871.042,454425.244,0.63,3.3,0.247,1.3,1.3,1.6,1.4,2.3,12628,9
1897,230827.306,454417.893,0.428,3.3,0.288,7.6,9.2,7.7,45.9,59.3,9623,9
2662,230847.806,454405.242,0.865,3.3,0.339,1.1,1.2,1.3,1.0,1.3,12809,9
2024,230830.721,454533.129,0.756,3.3,0.356,2.0,2.2,2.3,3.3,4.0,9999,9
3528,230967.033,454382.442,0.505,3.3,0.98,1.2,1.4,1.4,1.2,1.5,16765,9
2897,230923.463,454485.007,0.917,3.4,0.088,1.1,1.5,0.9,1.0,1.5,13622,9
2842,230846.126,454495.08,0.527,3.4,0.138,2.0,1.8,2.9,3.1,6.0,13537,9
3489,230967.35,454382.515,1.254,3.4,0.157,1.0,1.3,1.0,0.8,1.0,17270,9
2695,230938.882,454467.644,0.957,3.4,0.287,1.4,1.5,1.7,1.5,2.9,12925,9
2694,230848.611,454403.08,0.759,3.4,0.294,1.3,1.5,1.1,1.3,2.6,12686,9
3449,230947.407,454391.942,0.95,3.4,0.554,0.9,1.1,0.9,0.6,1.1,17041,9
3619,230983.05,454499.883,1.156,3.4,0.572,1.8,2.2,2.4,2.6,2.2,18091,9
2733,230921.537,454484.408,0.358,3.5,0.099,4.7,4.8,5.1,17.6,32.3,13092,9
2737,230899.03,454494.023,0.483,3.5,0.676,4.7,5.0,5.4,17.4,28.8,13099,9
2729,230940.325,454467.134,1.297,3.7,0.125,1.7,1.6,2.1,2.3,3.6,13087,9
2689,230894.356,454399.398,1.212,3.7,0.195,1.8,1.9,2.2,2.6,2.9,12728,9
2723,230848.911,454405.648,1.254,3.7,0.443,1.8,2.4,1.9,2.7,5.2,13088,9
3700,230962.324,454494.946,0.847,3.7,0.487,2.1,1.8,2.8,3.6,6.1,17727,9
2724,230847.633,454399.922,0.911,3.7,0.634,2.2,1.5,4.5,3.9,7.7,13059,9
2864,230921.885,454490.426,1.086,3.7,0.669,1.5,2.2,1.3,1.8,2.8,13332,9
3665,230979.388,454499.136,0.487,3.7,2.165,2.2,3.2,2.6,4.0,4.3,17934,9
2715,230848.492,454405.5,1.115,3.8,0.997,1.6,1.6,1.8,1.9,3.7,13077,9
2581,230917.788,454377.311,0.938,3.8,1.192,1.5,1.7,1.9,1.7,4.2,12359,9
3707,230978.44,454498.091,0.702,3.8,1.504,3.3,3.3,4.1,8.5,14.7,17955,9
2921,230846.821,454509.971,1.278,3.9,0.075,1.4,1.0,2.0,1.4,1.9,13665,9
2583,230916.476,454377.345,0.981,3.9,0.257,0.8,0.8,0.8,0.5,0.9,12396,9
3667,230946.502,454481.347,0.988,3.9,0.323,1.6,1.2,2.2,2.0,2.6,17563,9
2682,230935.091,454383.886,0.692,3.9,0.387,2.4,2.4,3.2,4.4,7.1,12959,9
3513,230993.249,454462.21,1.326,3.9,0.406,1.5,1.4,1.6,1.7,2.7,17284,9
1940,230830.987,454536.49,0.755,3.9,0.958,2.3,2.8,2.2,4.2,8.9,9681,9
2801,230853.81,454413.467,1.228,4.0,0.066,2.1,2.2,2.5,3.3,4.5,13080,9
2894,230886.172,454502.994,0.911,4.0,0.161,0.9,0.8,1.2,0.7,0.9,13643,9
2901,230907.693,454492.77,1.004,4.0,0.294,1.5,1.9,1.8,1.7,3.0,13606,9
2771,230908.368,454466.32,0.405,4.0,0.308,3.7,4.2,3.3,10.5,15.3,13019,9
2713,230931.338,454381.734,1.176,4.0,0.38,2.3,2.0,3.2,4.1,6.9,13085,9
2575,230916.639,454378.098,0.85,4.0,0.451,1.1,1.2,1.3,0.9,1.2,12394,9
2745,230882.174,454538.952,0.377,4.0,0.453,8.0,8.1,9.9,49.8,66.8,13096,9
3540,230948.125,454392.977,0.839,4.0,0.464,0.9,1.1,0.8,0.7,1.5,17190,9
2719,230942.42,454402.521,0.808,4.0,0.868,4.1,4.5,6.0,13.1,31.3,12992,9
2725,230856.809,454414.417,1.241,4.1,0.113,2.0,1.7,2.4,3.0,5.4,13078,9
3514,230969.776,454379.008,0.925,4.1,0.173,1.3,1.4,1.3,1.3,2.3,16923,9
3551,230975.51,454472.63,0.394,4.1,0.206,2.2,1.7,3.2,3.8,6.6,16901,9
2865,230905.56,454490.55,1.357,4.1,0.503,1.8,2.5,1.3,2.4,3.3,13623,9
3677,230981.818,454500.343,0.446,4.1,0.601,4.3,3.7,5.4,14.6,17.6,17846,9
3601,230947.748,454392.473,1.035,4.1,0.61,1.3,1.6,1.3,1.3,2.6,17280,9
2712,230859.418,454434.167,0.785,4.1,3.729,6.3,6.5,8.5,30.9,46.8,12984,9
2578,230884.846,454302.171,1.024,4.2,0.379,2.5,3.1,2.5,4.9,9.5,12406,9
2716,230907.289,454475.669,0.391,4.2,0.425,3.3,4.0,3.4,8.7,13.7,13034,9
2867,230919.655,454491.286,0.787,4.2,0.468,1.1,1.1,1.1,0.9,2.1,13457,9
2705,230905.272,454470.051,1.218,4.3,0.318,2.7,2.9,2.6,5.6,8.8,13065,9
3608,230954.842,454423.217,1.316,4.4,0.319,1.8,2.1,1.9,2.6,5.2,17286,9
2731,230863.318,454397.043,0.972,4.4,0.478,3.1,4.1,3.0,7.4,19.5,12633,9
2828,230912.417,454562.715,1.012,4.5,0.283,1.3,1.5,1.5,1.4,1.7,13410,9
2718,230847.216,454407.727,0.93,4.5,0.396,2.5,2.7,2.8,5.0,10.5,13017,9
3577,230949.268,454393.823,0.762,4.6,0.677,1.1,0.9,1.4,1.0,2.4,16897,9
3526,230948.724,454396.839,0.753,4.6,0.693,2.6,2.5,2.7,5.4,9.6,16976,9
2636,230877.506,454479.612,0.797,4.8,0.295,0.7,1.2,0.8,0.4,0.7,12759,9
2835,230920.89,454492.043,1.036,4.8,0.65,2.3,2.6,2.7,4.3,8.9,13433,9
2037,230840.867,454580.677,0.793,4.9,0.519,0.8,1.1,0.5,0.4,1.1,10118,9
2552,230917.289,454377.736,0.87,4.9,0.52,1.9,1.7,2.5,3.0,5.0,12403,9
2843,230923.059,454504.842,0.926,5.0,0.709,1.7,1.8,1.8,2.3,5.3,13578,9
2083,230833.244,454535.156,0.798,5.0,0.711,2.8,3.6,2.6,6.2,8.8,10055,9
2565,230884.39,454301.796,0.859,5.1,0.406,3.1,3.7,3.3,7.6,12.7,12389,9
2560,230883.362,454301.938,1.115,5.2,0.133,3.9,4.4,3.8,12.0,20.1,12343,9
2876,230915.157,454496.07,1.209,5.2,0.319,2.3,2.3,2.4,4.0,7.8,13645,9
2586,230870.526,454418.351,0.59,5.2,0.418,4.7,5.0,4.9,17.3,21.2,12417,9
2616,230940.07,454403.662,0.876,5.2,0.976,2.3,2.6,2.7,4.2,8.1,12558,9
2686,230849.701,454408.469,0.825,5.3,0.364,2.4,2.5,2.8,4.6,9.5,12997,9
2849,230908.465,454490.956,1.001,5.3,0.888,3.0,3.8,2.8,7.1,22.9,13357,9
2704,230871.539,454424.182,0.937,5.3,1.307,2.6,2.6,3.3,5.5,15.4,12697,9
2898,230845.414,454496.406,0.877,5.4,0.165,3.1,3.1,4.3,7.6,11.5,13616,9
2879,230921.122,454489.998,0.597,5.4,0.197,3.2,3.2,3.7,8.1,22.7,13576,9
2761,230872.252,454426.016,0.844,5.4,1.005,2.3,2.4,2.4,4.1,11.1,13004,9
2566,230916.504,454374.711,0.921,5.5,2.393,3.1,3.2,4.0,7.5,16.4,12381,9
3392,230950.306,454378.518,0.893,5.6,0.246,1.2,1.9,1.3,1.2,1.8,16712,9
2868,230907.516,454490.264,1.054,6.1,0.433,1.5,1.6,1.6,1.7,3.2,13603,9
2734,230934.271,454384.368,1.173,6.2,0.147,3.2,4.9,2.3,7.9,13.1,13073,9
2710,230939.775,454465.245,1.264,6.3,0.087,3.5,4.0,3.9,9.4,26.8,12945,9
2070,230827.219,454526.679,0.86,6.3,0.414,3.5,4.9,3.4,9.8,23.1,10008,9
1946,230822.56,454427.55,0.832,6.4,0.092,6.3,6.0,6.8,31.0,100.0,9642,9
2687,230942.092,454407.995,0.428,6.4,0.162,5.5,4.5,7.3,23.9,65.3,12780,9
2099,230831.159,454524.173,0.334,6.4,0.935,3.3,3.7,3.5,8.6,24.2,10063,9
3558,230970.475,454380.774,0.839,6.7,0.701,2.7,3.0,3.3,5.7,13.4,16921,9
2576,230884.741,454300.057,0.632,6.8,0.88,4.9,5.6,4.7,18.5,46.1,12397,9
2794,230845.366,454541.135,0.949,6.9,0.291,2.8,1.9,4.8,6.0,6.6,13130,9
2709,230906.923,454469.639,0.869,6.9,0.358,4.3,4.3,4.8,14.2,50.7,12946,9
3428,230951.284,454358.348,0.84,6.9,0.579,4.0,4.6,4.8,12.7,30.1,16547,9
2838,230905.921,454470.079,0.791,7.0,0.194,1.4,1.9,1.3,1.6,3.6,13465,9
2721,230906.585,454471.22,0.889,7.0,0.346,3.9,4.5,3.5,12.0,39.2,12608,9
2891,230846.414,454496.388,0.842,7.1,0.098,3.4,3.6,3.5,9.2,31.0,13560,9
2722,230936.395,454468.377,0.797,7.1,0.397,3.8,3.9,4.3,11.6,32.5,13002,9
2692,230855.342,454378.885,0.841,7.2,0.5,3.6,3.7,4.2,10.4,33.3,12961,9
1965,230829.793,454526.896,0.561,7.4,0.104,3.7,4.3,3.4,10.7,32.5,9701,9
3322,230970.428,454376.681,0.699,7.4,0.146,2.5,2.2,3.0,4.7,14.6,16488,9
2685,230931.268,454381.931,0.693,7.4,0.266,3.0,2.1,4.5,7.0,22.9,12907,9
2007,230829.251,454528.542,0.854,7.5,0.216,2.7,3.2,2.8,5.9,16.7,9860,9
2878,230920.998,454490.937,0.73,7.6,1.118,2.5,2.9,2.4,5.0,16.3,13608,9
1887,230822.443,454429.334,1.314,7.7,0.098,4.0,5.1,3.1,12.7,31.6,9586,9
2676,230872.606,454424.099,0.77,7.7,0.148,2.7,3.4,2.4,5.5,20.5,12983,9
2872,230940.79,454595.809,0.86,7.7,0.217,4.1,3.8,4.3,12.9,26.6,13732,9
2836,230869.231,454580.702,0.854,7.8,0.513,1.1,1.5,1.1,0.9,2.4,13274,9
2644,230878.605,454407.195,0.875,7.9,0.51,2.0,2.5,2.8,3.1,7.9,12518,9
2584,230910.221,454470.364,0.805,7.9,0.713,4.5,4.0,5.1,16.1,49.8,12446,9
2700,230940.305,454404.756,0.85,7.9,0.929,3.0,2.6,4.5,7.3,18.0,12930,9
1900,230822.472,454429.872,1.282,8.0,0.105,3.4,4.9,3.0,9.3,21.0,9413,9
2666,230933.88,454381.386,0.461,8.0,0.153,3.9,4.4,3.9,11.7,36.1,12957,9
2646,230907.74,454471.752,0.913,8.0,0.359,2.9,3.0,3.2,6.5,23.0,12812,9
2089,230833.538,454538.142,0.803,8.0,1.916,4.1,4.1,5.0,13.0,31.3,10057,9
1969,230823.701,454427.531,0.86,8.1,0.327,4.9,5.7,4.9,19.1,56.1,9634,9
2707,230934.409,454383.637,0.808,8.1,0.846,2.8,4.1,1.9,6.3,15.4,12941,9
3587,230968.506,454381.984,0.897,8.2,0.209,1.8,1.8,2.1,2.5,10.2,16924,9
3629,230988.928,454514.906,0.359,8.2,0.212,3.8,4.7,4.0,11.3,38.0,18105,9
3453,230968.145,454380.015,0.926,8.3,0.206,2.2,2.3,2.4,3.9,8.7,16856,9
1870,230819.05,454412.591,0.462,8.4,0.109,6.0,4.7,8.3,28.5,99.8,9317,9
2656,230926.583,454428.317,0.665,8.4,0.118,3.7,4.1,3.8,10.7,40.1,12908,9
2673,230908.092,454472.447,0.91,8.4,0.319,5.7,6.8,4.8,25.1,94.6,12656,9
2874,230907.783,454487.865,0.394,8.5,0.144,4.1,5.6,3.3,13.1,44.8,13599,9
2697,230855.201,454413.596,0.837,8.5,0.236,4.7,4.9,5.0,17.0,66.6,12929,9
2881,230943.514,454481.278,0.439,8.5,0.32,4.8,6.6,4.3,17.9,56.1,13389,9
2744,230853.138,454408.718,1.262,8.6,0.092,3.5,4.0,3.1,9.8,40.2,13082,9
2853,230886.963,454503.538,1.042,8.6,0.198,3.2,4.0,3.2,7.9,23.6,13640,9
2884,230924.299,454505.941,0.874,8.6,0.446,3.4,3.6,4.0,9.3,31.7,13631,9
2720,230939.468,454469.247,0.868,8.6,0.974,4.4,4.6,4.4,15.1,58.3,12986,9
2735,230848.671,454402.009,1.331,8.7,0.505,3.0,3.2,3.1,6.9,25.1,13089,9
2672,230872.795,454422.301,0.857,8.7,0.597,5.0,6.8,4.9,19.4,44.0,12955,9
