AAPL,sp500,GOOG
60.19857,1295.5,313.644379
59.972858,1289.089966,311.3280640000001
60.671429,1293.670044,313.1163640000001
61.30143,1308.040039,315.273285
61.10714300000001,1314.5,318.590851
60.042858,1315.380005,291.9008790000001
61.05857099999999,1316.0,291.666748
60.05857099999999,1314.650024,289.380341
63.80857099999999,1326.060059,283.6817020000001
63.51857,1318.430054,282.989288
63.897144,1316.329956,288.907104
64.715714,1313.01001,287.766388
65.211426,1312.410034,288.971863
65.16999799999999,1324.089966,289.330505
65.017143,1325.540039,291.4625240000001
65.668571,1344.900024,297.051575
66.281425,1344.329956,303.4077450000001
66.975716,1347.050049,302.252075
68.097145,1349.959961,303.786346
70.45285799999998,1351.949951,304.588318
70.488571,1342.640015,301.8237
71.800003,1351.77002,304.95694
72.779999,1350.5,303.741516
71.095711,1343.22998,301.649353
71.744286,1358.040039,302.127563
71.73143,1361.22998,301.191071
73.550003,1362.209961,305.8535770000001
73.291428,1357.660034,302.8349
73.769997,1363.459961,301.923309
74.629997,1365.73999,303.8112490000001
75.108574,1367.589966,303.517334
76.487144,1372.180054,308.040375
77.49143199999997,1365.680054,307.970642
77.781425,1374.089966,310.037903
77.882858,1369.630005,309.465057
76.165718,1364.329956,305.978119
75.751427,1343.359985,301.350464
75.812859,1352.630005,302.267029
77.427139,1365.910034,302.436401
77.88143199999998,1370.869995,299.004272
78.85714,1371.089966,301.445099
81.157143,1395.949951,307.736542
84.225716,1394.280029,306.844879
83.65142800000002,1402.599976,309.405273
83.652855,1404.170044,311.3529660000001
85.871429,1409.75,315.8062740000001
86.565712,1405.52002,315.5621950000001
86.071426,1402.890015,318.795074
85.620003,1392.780029,321.818756
85.150002,1397.109985,320.095215
86.711426,1416.51001,323.452606
87.78286,1412.52002,322.301941
88.23143,1405.540039,326.655609
87.122856,1403.280029,322.994324
85.650002,1408.469971,319.422729
88.37571700000002,1419.040039,322.252106
89.902855,1413.380005,320.110138
89.187141,1398.959961,316.3890990000001
90.525711,1398.079956,314.97937
90.889999,1382.199951,314.242157
89.77714499999998,1358.589966,312.259583
89.457146,1368.709961,316.792572
88.96714,1387.569946,324.28949
86.461426,1370.26001,311.1337890000001
82.87571700000002,1369.569946,301.903381
87.099998,1390.780029,303.646851
86.905716,1385.140015,302.59082
83.91999799999998,1376.920044,298.531036
81.854286,1378.530029,296.917084
81.671425,1366.939941,297.684204
80.040001,1371.969971,299.51236
87.14286,1390.689941,303.721588
86.814285,1399.97998,306.585846
86.14286,1403.359985,306.341766
83.425713,1397.910034,301.295685
83.16143000000002,1405.819946,301.086456
83.711426,1402.310059,302.496185
83.117142,1391.569946,304.369141
80.75,1369.099976,297.370392
81.354286,1369.579956,302.640625
81.168571,1363.719971,305.250854
81.311432,1354.579956,303.4376529999999
81.502853,1357.98999,305.684235
80.958572,1353.390015,301.484955
79.745712,1338.349976,300.872253
79.024284,1330.660034,304.413971
78.011429,1324.800049,313.29071
75.73143,1304.859985,310.361694
75.76857,1295.219971,299.078979
80.182854,1315.98999,305.908386
79.567146,1316.630005,299.278229
81.50856800000003,1318.859985,303.5920720000001
80.760002,1320.680054,300.702881
80.327141,1317.819946,294.660553
81.752853,1332.420044,296.060303
82.738571,1313.319946,293.0166930000001
82.53286,1310.329956,289.345459
80.141426,1278.040039,284.42392
80.612854,1278.180054,288.214691
80.404289,1285.5,284.139984
81.637146,1315.130005,289.200989
81.674286,1314.98999,288.03537
82.902855,1325.660034,289.141235
81.595711,1308.930054,283.188538
82.308571,1324.180054,281.494873
81.737144,1314.880005,279.497375
81.647141,1329.099976,278.481171
82.01857,1342.839966,281.200989
83.682854,1344.780029,284.359161
83.915718,1357.97998,289.6791990000001
83.677139,1355.689941,287.676727
82.524284,1325.51001,281.549683
83.157143,1335.02002,284.672974
81.538574,1313.719971,279.303101
81.718575,1319.98999,281.285675
82.071426,1331.849976,283.587036
81.292854,1329.040039,281.101349
83.428574,1362.160034,288.951935
84.645714,1365.51001,289.151184
85.629997,1374.02002,292.817444
87.13428499999998,1367.579956,296.847351
86.554283,1354.680054,291.895905
87.69856999999998,1352.459961,291.910858
86.887146,1341.469971,289.763885
86.347145,1341.449951,284.528503
85.557144,1334.76001,284.1748350000001
86.424286,1356.780029,287.183563
86.701431,1353.640015,286.386566
86.705711,1363.670044,287.288177
86.608574,1372.780029,289.295654
87.760002,1376.51001,295.4226680000001
86.328575,1362.660034,304.2695310000001
86.261429,1350.52002,306.605774
85.845711,1338.310059,302.650604
82.138573,1337.890015,302.859802
82.12571700000002,1360.02002,305.53479
83.594284,1385.969971,316.294464
85.004288,1385.300049,314.969421
87.251427,1379.319946,315.303162
86.687141,1375.319946,315.158722
86.827141,1365.0,313.20105
87.957146,1390.98999,319.46756
88.935715,1394.22998,320.209778
88.701431,1401.349976,319.074036
88.55143000000002,1402.219971,319.915863
88.675713,1402.800049,319.9756470000001
88.814285,1405.869995,319.8013
90.0,1404.109985,328.772675
90.241432,1403.930054,333.081543
90.118568,1405.530029,332.523621
90.905716,1415.51001,335.17868
92.587143,1418.160034,337.305695
95.021431,1418.130005,336.508698
93.722855,1413.170044,333.504944
95.552856,1413.48999,337.325623
94.66143,1402.079956,337.136322
94.745712,1411.130005,338.047913
96.525711,1410.439941,333.360474
96.400002,1409.300049,337.360504
96.209999,1410.48999,342.720398
94.83857,1399.47998,339.56723
95.034286,1406.579956,341.265839
96.424286,1404.939941,339.248413
95.747147,1403.439941,339.08902
96.610001,1432.119995,348.394135
97.205711,1437.920044,351.756531
94.677139,1429.079956,349.076569
94.370003,1433.560059,344.802582
95.684288,1436.560059,344.150055
97.568573,1459.98999,351.701721
98.754288,1465.77002,353.514954
99.968575,1461.189941,353.664368
100.272858,1459.319946,357.7988890000001
100.300003,1461.050049,362.391663
99.814285,1460.26001,362.7005
100.012856,1460.150024,365.624542
98.684288,1456.890015,373.290802
96.220001,1441.589966,373.181213
95.025711,1433.319946,375.323212
97.331429,1447.150024,376.837524
95.300003,1440.670044,375.841248
94.19857,1444.48999,379.467651
94.472855,1445.75,377.081604
95.921425,1450.98999,379.826324
95.257141,1461.400024,382.590942
93.227142,1460.930054,382.391693
91.167145,1455.880005,377.505005
90.835716,1441.47998,370.655701
91.558571,1432.560059,370.889801
89.728569,1432.839966,374.336884
89.958572,1428.589966,370.984467
90.68,1440.130005,369.106506
92.827141,1454.920044,370.959564
92.087143,1460.910034,376.334412
90.377144,1457.339966,346.202362
87.120003,1433.189941,339.622009
90.575714,1433.819946,338.067841
87.622856,1413.109985,338.904694
88.11856800000002,1408.75,337.385406
87.077141,1412.969971,337.614532
86.285713,1411.939941,336.314423
85.045715,1412.160034,338.879791
85.220001,1427.589966,342.511169
82.400002,1414.199951,342.675568
83.517143,1417.26001,340.204834
83.264282,1428.390015,339.587158
79.714287,1394.530029,332.314392
76.821426,1377.51001,324.927094
78.15142800000002,1379.849976,330.277039
77.54714200000002,1380.030029,331.706696
77.557144,1374.530029,328.294464
76.697144,1355.48999,325.0566100000001
75.08856999999998,1353.329956,322.421478
75.382858,1359.880005,322.381622
80.818573,1386.890015,332.857361
80.129997,1387.810059,333.7340700000001
80.242859,1391.030029,331.691742
81.64286,1409.150024,332.737823
84.218575,1406.290039,329.340546
83.540001,1398.939941,334.102692
83.27714499999998,1409.930054,340.558502
84.194283,1415.949951,344.653168
83.611427,1416.180054,347.881042
83.74143199999997,1409.459961,346.3268740000001
82.264282,1407.050049,344.224762
76.970001,1409.280029,342.625763
78.177139,1413.939941,344.274567
76.178574,1418.069946,340.827484
75.688568,1418.550049,341.4302370000001
77.341431,1427.839966,347.138824
77.0,1428.47998,347.47757
75.66999799999998,1419.449951,350.037964
72.827141,1413.579956,349.669342
74.11856800000002,1430.359985,359.04422
76.271431,1446.790039,359.18866
75.187141,1435.810059,358.71048
74.53286,1443.689941,359.831268
74.190002,1430.150024,356.478821
74.309998,1426.660034,353.4252620000001
73.285713,1419.829956,353.11145
73.58000200000002,1418.099976,351.826263
72.798569,1402.430054,348.697998
76.024284,1426.189941,352.369232
78.432854,1462.420044,360.274597
77.442856,1459.369995,360.483826
75.285713,1466.469971,367.607117
74.842857,1461.890015,366.003143
75.044289,1457.150024,365.280823
73.871429,1461.02002,367.681824
74.78714000000002,1472.119995,369.35556
74.328575,1472.050049,368.613342
71.678574,1470.680054,360.274597
69.41714499999999,1472.339966,361.111481
72.298569,1472.630005,356.259644
71.811432,1480.939941,354.331879
71.428574,1485.97998,350.939606
72.110001,1492.560059,350.12265
73.43,1494.810059,369.36554
64.35714,1494.819946,375.696808
62.84,1502.959961,375.427795
64.261429,1500.180054,373.963287
65.46714,1507.839966,375.4328
65.261429,1501.959961,375.507507
65.07,1498.109985,376.434021
64.802856,1513.170044,386.351868
63.188572,1495.709961,378.092804
65.405716,1511.290039,381.440277
65.335716,1512.119995,383.647003
66.888573,1509.390015,385.529938
67.854286,1517.930054,391.218628
68.561432,1517.01001,389.749115
66.842857,1519.430054,388.892334
66.715714,1520.329956,389.968292
66.655716,1521.380005,392.439056
65.737144,1519.790039,394.964569
65.71285999999999,1530.939941,401.918518
64.121429,1511.949951,394.750366
63.722858,1502.420044,396.279633
64.40142800000001,1515.599976,398.361847
63.257141,1487.849976,393.908539
64.138573,1496.939941,393.589722
63.509998,1515.98999,398.396698
63.057144,1514.680054,399.104065
61.495716,1518.199951,401.589752
60.007141,1525.199951,409.216156
61.591427,1539.790039,417.7342220000001
60.80857099999999,1541.459961,414.137695
61.51142900000001,1544.26001,414.745422
61.674286,1551.180054,414.207458
62.55285600000001,1556.219971,415.851288
61.204285,1552.47998,412.259735
61.192856000000006,1554.52002,411.114044
61.785713,1563.22998,409.236084
63.380001,1560.699951,405.629608
65.102859,1552.099976,402.386749
64.927139,1548.339966,404.145172
64.58285500000001,1558.709961,405.833832
64.675713,1545.800049,404.115265
65.987144,1556.890015,403.642059
66.225716,1551.689941,403.308289
65.877144,1563.77002,404.693115
64.58285500000001,1562.849976,399.831329
63.237144,1569.189941,395.612152
61.27285799999999,1562.170044,399.099091
61.398571,1570.25,405.001953
61.712856,1553.689941,401.594727
61.102856,1559.97998,396.050507
60.45714200000001,1553.280029,390.062958
60.887142,1563.069946,385.978271
60.99714300000001,1568.609985,387.373016
62.241428000000006,1587.72998,393.61462400000005
62.047142,1593.369995,393.719238
61.400002,1588.849976,393.549866
59.978573,1552.359985,389.505035
60.89143000000001,1574.569946,395.203674
57.542858,1552.01001,389.818878
56.007141,1541.609985,381.524963
55.790001,1555.25,398.441528
56.952858,1562.5,398.561096
58.01857,1578.780029,402.441559
57.92285500000001,1578.790039,405.206177
58.34,1585.160034,403.039307
59.599998,1582.23999,399.213654
61.445713,1593.609985,408.000702
63.254284,1597.569946,410.745422
62.75571400000001,1582.699951,408.683167
63.645714,1597.589966,413.256012
64.28286,1614.420044,421.280945
65.815712,1617.5,429.16638200000006
65.522858,1625.959961,427.01443499999993
66.262856,1632.689941,435.183838
65.252853,1626.670044,434.11282300000005
64.709999,1633.699951,438.471497
64.96285999999999,1633.77002,437.126556
63.408573,1650.339966,441.893677
61.264286,1658.780029,456.234924
62.082859,1650.469971,450.247375
61.894287,1667.469971,452.892456
63.27571500000001,1666.290039,452.568665
62.80857099999999,1669.160034,451.79156500000005
63.049999,1655.349976,443.049347
63.162857,1650.51001,439.746735
63.592857,1649.599976,435.029388
63.062859,1660.060059,438.989563
63.564285,1648.359985,432.533752
64.511429,1654.410034,433.754181
64.247147,1630.73999,433.983337
64.388573,1640.420044,432.195038
64.187141,1631.380005,427.945953
63.58714300000001,1608.900024,428.244843
62.637142,1622.560059,430.705597
63.115715,1643.380005,438.222443
62.69857,1642.810059,443.447845
62.514286,1626.130005,438.262299
61.741428000000006,1612.52002,434.361908
62.279999,1636.359985,436.862518
61.435715,1626.72998,435.8862
61.714287,1639.040039,441.470276
61.681427,1651.810059,448.628418
60.42856999999999,1628.930054,448.658325
59.548573,1588.189941,440.718079
59.07143000000001,1592.430054,438.82019
57.50571400000001,1573.089966,433.270996
57.51857,1588.030029,431.482697
56.867142,1603.26001,435.193787
56.254284,1613.199951,436.8974
56.647144,1606.280029,438.541229
58.459999,1614.959961,442.282227
59.784286,1614.079956,439.507629
60.114285,1615.410034,441.559937
59.631428,1631.890015,445.076752
59.292858,1640.459961,450.855072
60.335712,1652.319946,450.92981
60.104286,1652.619995,451.303406
61.041428,1675.02002,458.40179400000005
60.93,1680.189941,459.776642
61.062859,1682.5,460.6185
61.45714200000001,1676.26001,458.087982
61.472858,1680.910034,457.559967
61.68,1689.369995,453.639648
60.70714200000001,1692.089966,446.625946
60.901428,1695.530029,453.649597
59.855713,1692.390015,450.21249400000005
62.93,1685.939941,449.76416
62.64285699999999,1690.25,442.192566
62.998573,1691.6500239999998,441.021942
63.970001,1685.3299559999996,439.487701
64.760002,1685.959961,443.796539
64.647141,1685.72998,442.217468
65.239998,1706.869995,450.421722
66.077141,1709.6700440000004,451.592316
67.064285,1707.140015,450.810242
66.464287,1697.369995,446.610992
66.425713,1690.910034,443.662048
65.858574,1697.47998,444.6633
64.921425,1691.4200440000004,443.54248
66.76571700000001,1689.469971,441.101654
69.938568,1694.160034,438.979584
71.214287,1685.390015,433.280945
71.129997,1661.319946,428.224915
71.761429,1655.829956,426.855042
72.534286,1646.060059,431.20871
71.581429,1652.349976,431.094147
71.76571700000002,1642.800049,433.04184
71.851425,1656.959961,435.223663
71.574287,1663.5,433.480225
71.852859,1656.780029,431.577332
69.798569,1630.47998,423.487671
70.128571,1634.959961,422.690643
70.242859,1638.170044,426.11779800000005
69.602859,1632.969971,421.86874400000005
69.79714200000001,1639.77002,428.583557
71.24143199999997,1653.079956,434.187561
70.752853,1655.079956,438.137756
71.174286,1655.170044,438.147705
72.309998,1671.709961,442.366913
70.66285699999997,1683.9899899999998,442.675751
66.815712,1689.130005,446.421692
67.52714499999999,1683.4200440000004,444.862549
66.414284,1687.9899899999998,442.875
64.302856,1697.5999760000002,442.222443
65.045715,1704.7600100000002,441.400513
66.382858,1725.52002,449.973389
67.471428,1722.339966,447.517609
66.772858,1709.910034,449.868774
70.091431,1701.839966,441.594788
69.871429,1697.4200440000004,441.76416
68.790001,1692.77002,436.977112
69.459999,1698.6700440000004,437.445343
68.964287,1691.75,436.558685
68.10714,1681.550049,436.31958
69.708572,1695.0,441.843872
69.937141,1693.869995,442.337006
69.058571,1678.660034,436.409241
69.004288,1690.5,434.546204
69.678574,1676.119995,431.253571
68.705711,1655.449951,425.241089
69.512856,1656.400024,426.332001
69.94856999999999,1692.560059,432.498901
70.40142800000002,1703.199951,434.366882
70.862854,1710.140015,436.419189
71.239998,1698.060059,439.35818499999993
71.58714300000003,1721.540039,447.33825700000006
72.071426,1733.1500239999998,442.735504
72.69856999999998,1744.5,503.816559
74.480003,1744.660034,499.776703
74.267143,1754.6700440000004,501.619812
74.994286,1746.380005,513.7792360000002
75.987144,1752.069946,510.860168
75.137146,1759.77002,505.70449800000006
75.697144,1762.109985,505.604858
73.811432,1771.949951,516.185181
74.985718,1763.310059,513.286072
74.671425,1756.540039,513.365784
74.290001,1761.640015,511.602386
75.25,1767.930054,511.13913
75.064285,1762.969971,508.852692
74.41714499999998,1770.4899899999998,509.465393
73.21285999999998,1747.1500239999998,502.093018
74.36571500000002,1770.609985,506.11795
74.150002,1771.890015,503.408112
74.28714000000002,1767.689941,504.000885
74.37571700000002,1782.0,514.307251
75.451431,1790.619995,515.682068
74.998573,1798.180054,514.85022
74.089996,1791.530029,513.848938
74.221428,1787.869995,510.685822
73.571426,1781.369995,509.246216
74.44856999999998,1795.8499760000002,515.1042480000001
74.257141,1804.76001,514.018311
74.82,1802.47998,521.012146
76.199997,1802.75,527.228821
77.994286,1807.22998,529.570068
79.438568,1805.810059,527.816589
78.747147,1800.9000239999998,525.271179
80.902855,1795.1500239999998,524.663452
80.714287,1792.810059,527.1142580000002
81.128571,1785.030029,526.695801
80.002853,1805.089966,532.9374389999998
80.918571,1808.369995,537.057007
80.792854,1802.619995,540.30481
80.194283,1782.219971,536.633545
80.077141,1775.5,532.9822389999998
79.204285,1775.319946,528.414368
79.64286,1786.540039,534.486633
79.284286,1781.0,532.932434
78.681427,1810.650024,540.349609
77.779999,1809.599976,541.081909
78.431427,1818.319946,548.255005
81.441429,1827.98999,555.4679570000002
81.095711,1833.319946,553.844055
80.557144,1842.02002,556.643555
80.012856,1841.400024,557.111816
79.21714,1841.069946,552.658508
80.145714,1848.359985,558.262512
79.01857,1831.97998,554.481689
77.28286,1831.369995,550.436829
77.704285,1826.77002,556.573853
77.148575,1837.880005,567.303589
77.637146,1837.48999,568.484192
76.645714,1838.130005,563.0097049999998
76.13428499999998,1842.369995,562.979797
76.53286,1819.199951,559.39325
78.055717,1838.880005,572.553955
79.622856,1848.380005,572.165405
79.178574,1845.890015,575.9511719999998
77.238571,1838.699951,573.116821
78.438568,1843.800049,579.677246
78.78714000000002,1844.859985,580.334778
79.454285,1828.459961,577.883972
78.010002,1790.290039,559.81665
78.64286,1781.560059,548.558838
72.35714,1792.5,559.4082030000002
71.535713,1774.199951,551.39325
71.397141,1794.189941,565.5750730000002
71.514282,1782.589966,588.2799679999998
71.647141,1741.890015,564.598755
72.684288,1755.199951,566.954895
73.227142,1751.640015,569.465515
73.215714,1773.430054,577.814209
74.239998,1797.02002,586.5215450000002
75.57,1799.839966,584.274963
76.565712,1819.75,592.867798
76.559998,1819.26001,591.129272
77.775711,1829.829956,597.709656
77.71285999999998,1838.630005,599.1542360000002
77.998573,1840.76001,603.179138
76.767143,1828.75,598.92511
75.878571,1839.780029,599.8067629999998
75.035713,1836.25,599.6474
75.364288,1847.609985,603.991089
74.58000200000002,1845.119995,607.722107
73.907143,1845.160034,607.8067629999998
75.38143199999998,1854.290039,607.328613
75.177139,1859.449951,605.555237
75.394287,1845.72998,599.099426
75.891426,1873.910034,605.186584
76.05143000000002,1873.810059,606.8553469999998
75.821426,1877.030029,607.527832
75.77714499999998,1878.040039,605.1268309999998
75.845711,1877.170044,603.522827
76.584282,1867.630005,597.754456
76.658569,1868.199951,601.395813
75.807144,1846.339966,592.309875
74.955711,1841.130005,584.210266
75.248573,1858.829956,593.8242190000002
75.914284,1872.25,603.368408
75.894287,1860.77002,597.385864
75.528572,1872.01001,596.3447269999998
76.12428299999998,1866.52002,589.311096
77.02714499999998,1857.439941,576.802979
77.855713,1865.619995,577.196533
77.111427,1852.560059,563.87146
76.779999,1849.040039,556.930969
76.694283,1857.619995,558.456787
76.677139,1872.339966,555.445007
77.378571,1885.52002,565.607117
77.507141,1890.900024,565.447571
76.970001,1888.77002,568.180054
75.974289,1865.089966,541.652893
74.781425,1845.040039,536.676575
74.77714499999998,1851.959961,553.380676
75.760002,1872.180054,562.595398
74.78286,1833.079956,539.4688719999998
74.230003,1815.689941,529.147217
74.525711,1830.609985,531.061951
73.994286,1842.97998,534.9712519999998
74.144287,1862.310059,555.016174
74.99143199999997,1864.849976,534.632141
75.88143199999998,1871.890015,527.1726679999998
75.957146,1879.550049,533.3457030000002
74.964287,1875.390015,525.497253
81.110001,1878.609985,523.722107
81.705711,1863.400024,514.7667240000002
84.870003,1869.430054,515.73407
84.61856800000002,1878.329956,526.255188
84.298569,1883.949951,525.2180179999998
84.497147,1883.680054,529.895203
84.654289,1881.140015,526.484558
85.851425,1884.660034,526.364868
84.915718,1867.719971,513.729553
84.61856800000002,1878.209961,508.563751
83.998573,1875.630005,509.600891
83.648575,1878.47998,517.309753
84.690002,1896.650024,528.469116
84.822861,1897.449951,531.630432
84.83856999999998,1888.530029,525.208069
84.117142,1870.849976,518.556274
85.358574,1877.859985,519.204529
86.370003,1885.079956,527.4119870000002
86.387146,1872.829956,528.319519
86.61571500000002,1888.030029,537.464417
86.752853,1892.48999,543.5676269999999
87.732857,1900.530029,551.1867070000002
89.37571700000002,1911.910034,564.400452
89.144287,1909.780029,560.142151
90.76857,1920.030029,558.546509
90.428574,1923.569946,558.357056
89.807144,1924.969971,552.41333
91.077141,1924.23999,543.447937
92.117142,1927.880005,543.1687009999998
92.478569,1940.459961,552.383423
92.224289,1949.439941,554.8067629999998
93.699997,1951.27002,560.580933
94.25,1950.790039,559.015198
93.860001,1943.890015,557.309875
92.290001,1930.109985,549.840393
91.279999,1936.160034,550.2492679999998
92.199997,1937.780029,542.789795
92.080002,1941.98999,541.523254
92.18,1956.97998,551.854858
91.860001,1959.47998,553.380676
90.910004,1962.869995,554.83667
90.830002,1962.609985,563.4031980000002
90.279999,1949.97998,563.0740969999998
90.360001,1959.530029,577.0656740000002
90.900002,1957.219971,574.422913
91.980003,1960.959961,575.659546
92.93,1960.22998,573.704895
93.519997,1973.319946,581.074646
93.480003,1974.619995,580.740601
94.029999,1985.439941,583.1290280000002
95.970001,1977.650024,580.655823
95.349998,1963.709961,569.5263669999998
95.389999,1972.829956,574.502686
95.040001,1964.680054,569.536316
95.220001,1967.569946,577.594238
96.449997,1977.099976,583.2686160000002
95.32,1973.280029,583.178894
94.779999,1981.569946,581.064697
93.089996,1958.119995,572.159119
94.43,1978.219971,593.450684
93.940002,1973.630005,587.856018
94.720001,1983.530029,593.111633
97.190002,1987.01001,594.348206
97.029999,1987.97998,591.725403
97.669998,1978.339966,587.407288
99.019997,1978.910034,588.982971
98.379997,1969.949951,584.006592
98.150002,1970.069946,585.811646
95.599998,1930.670044,570.034973
96.129997,1925.150024,564.520081
95.589996,1938.98999,571.58075
95.120003,1920.209961,563.522827
94.959999,1920.23999,564.823303
94.480003,1909.569946,561.817505
94.739998,1931.589966,567.212708
95.989998,1936.920044,566.3251339999998
95.970001,1933.75,561.18927
97.239998,1946.719971,573.206238
97.5,1955.180054,573.076599
97.980003,1955.060059,571.909851
99.160004,1971.73999,580.56604
100.529999,1981.599976,585.2531740000002
100.57,1986.51001,582.8896480000002
100.580002,1992.369995,581.772766
101.32,1988.400024,580.964966
101.540001,1997.920044,578.61145
100.889999,2000.02002,576.277832
102.129997,2000.119995,569.436584
102.25,1996.73999,567.641541
102.5,2003.369995,570.034973
103.300003,2002.280029,575.7492679999998
98.940002,2000.719971,576.357605
98.120003,1997.650024,580.386536
98.970001,2007.709961,584.475342
98.360001,2001.540039,588.1053469999998
97.989998,1988.439941,579.419189
101.0,1995.689941,581.503479
101.43,1997.449951,579.758301
101.660004,1985.540039,574.043945
101.629997,1984.130005,571.530884
100.860001,1998.97998,578.362122
101.580002,2001.569946,583.1688839999998
101.790001,2011.359985,587.656616
100.959999,2010.400024,594.447937
101.059998,1994.290039,585.7617799999998
102.639999,1982.77002,579.538879
101.75,1998.300049,586.380066
97.870003,1965.98999,573.4854740000002
100.75,1982.849976,575.519897
100.110001,1977.800049,574.781921
100.75,1972.290039,575.779175
99.18,1946.160034,566.714111
99.900002,1946.170044,568.519104
99.620003,1967.900024,573.704895
99.620003,1964.819946,575.769226
98.75,1935.099976,562.196472
100.800003,1968.890015,570.932495
101.019997,1928.209961,559.344299
100.730003,1906.130005,542.9992070000002
99.809998,1874.73999,531.7500610000002
98.75,1877.699951,536.467102
97.540001,1862.48999,528.578796
96.260002,1862.76001,523.073914
97.669998,1886.76001,509.770416
99.760002,1904.01001,519.41394
102.470001,1941.280029,525.098328
102.989998,1927.109985,531.251465
104.830002,1950.819946,542.490601
105.220001,1964.579956,538.302063
105.110001,1961.630005,539.289368
106.739998,1985.050049,547.397095
107.339996,1982.300049,547.825928
106.980003,1994.650024,548.803284
108.0,2018.050049,557.549255
109.400002,2017.810059,553.699829
108.599998,2012.099976,552.592834
108.860001,2023.569946,544.425293
108.699997,2031.209961,540.555908
109.010002,2031.920044,539.5287480000002
108.830002,2038.26001,545.990967
109.699997,2039.680054,548.783325
111.25,2038.25,545.811462
112.82,2039.329956,543.8867799999998
114.18,2039.819946,542.9094240000002
113.989998,2041.319946,535.041016
115.470001,2051.800049,533.565125
114.669998,2048.719971,535.519714
116.309998,2052.75,533.365662
116.470001,2063.5,536.02832
118.629997,2069.409912,537.793518
117.599998,2067.030029,539.598511
119.0,2072.830078,538.8905030000002
118.93,2067.560059,540.346497
115.07,2053.439941,532.33844
114.629997,2066.550049,532.288574
115.93,2074.330078,529.865234
115.489998,2071.919922,535.8388669999998
115.0,2075.3701170000004,523.821838
112.400002,2060.310059,525.537109
114.120003,2059.820068,531.909668
111.949997,2026.140015,524.619629
111.620003,2035.329956,526.893433
109.730003,2002.329956,517.239929
108.230003,1989.630005,512.39325
106.75,1972.73999,494.03363
109.410004,2012.890015,503.507629
112.650002,2061.22998,509.70062300000006
111.779999,2070.649902,514.9362179999998
112.940002,2078.540039,523.432922
112.540001,2082.169922,529.137268
112.010002,2081.879883,527.322266
113.989998,2088.77002,532.56781
113.910004,2090.570068,528.8779910000002
112.519997,2080.350098,528.967712
110.379997,2058.899902,524.95874
109.330002,2058.199951,523.373108
106.25,2020.579956,512.4630129999998
106.260002,2002.609985,500.585632
107.75,2025.900024,499.727997
111.889999,2062.139893,501.30368
112.010002,2044.810059,494.811493
109.25,2028.26001,491.201416
110.220001,2023.030029,494.821472
109.800003,2011.27002,499.498627
106.82,1992.670044,500.416107
105.989998,2019.420044,506.68887300000006
108.720001,2022.550049,505.51211500000005
109.550003,2032.119995,516.621643
112.400002,2063.149902,532.926819
112.980003,2051.820068,538.471619
113.099998,2057.090088,533.744629
109.139999,2029.550049,517.210022
115.309998,2002.160034,508.603638
118.900002,2021.25,509.26181
117.160004,1994.98999,533.0565190000002
118.629997,2020.849976,527.03302
118.650002,2050.030029,527.7909549999998
119.559998,2041.51001,521.328674
119.940002,2062.52002,526.1354980000001
118.93,2055.469971,529.5461429999998
119.720001,2046.73999,526.384827
122.019997,2068.590088,535.4698490000002
124.879997,2068.530029,534.5025019999998
126.459999,2088.47998,541.4434809999998
127.080002,2096.98999,547.506836
127.830002,2100.340088,541.353699
128.720001,2099.679932,538.22229
128.449997,2097.449951,541.383606
129.5,2110.300049,537.474365
133.0,2109.659912,530.453613
132.169998,2115.47998,534.622192
128.78999299999998,2113.860107,542.3809200000002
130.419998,2110.73999,553.9591059999998
128.46000700000002,2104.5,556.8710940000002
129.089996,2117.389893,569.775696
129.360001,2107.780029,572.069397
128.53999299999998,2098.530029,571.80011
126.410004,2101.040039,573.754761
126.599998,2071.26001,566.130676
127.139999,2079.429932,567.29248
124.510002,2044.160034,553.490417
122.239998,2040.23999,549.6708980000002
124.449997,2065.949951,553.989014
123.589996,2053.399902,545.821472
124.949997,2081.189941,552.99176
127.040001,2074.280029,549.331787
128.470001,2099.5,557.968079
127.5,2089.27002,556.462219
125.900002,2108.100098,558.825745
127.209999,2104.419922,557.2799679999998
126.690002,2091.5,568.6288450000002
123.379997,2061.050049,557.255066
124.239998,2056.149902,553.649963
123.25,2061.02002,546.838684
126.370003,2086.23999,550.518555
124.43,2067.889893,546.499573
124.25,2059.689941,541.074463
125.32,2066.959961,534.063721
127.349998,2080.6201170000004,535.295349
126.010002,2076.330078,535.549622
125.599998,2081.899902,540.127075
126.559998,2091.179932,539.2993769999998
127.099998,2102.060059,538.531433
126.849998,2092.429932,537.693787
126.300003,2095.840088,528.937805
126.779999,2106.629883,531.07196
126.169998,2104.98999,532.33844
124.75,2081.179932,522.615173
127.599998,2100.399902,533.914124
126.910004,2097.290039,532.507996
128.619995,2107.959961,537.888245
129.669998,2112.929932,545.502319
130.279999,2117.689941,563.512878
132.649994,2108.919922,555.369995
130.559998,2114.76001,553.679993
128.639999,2106.850098,549.080017
125.150002,2085.51001,537.340027
128.949997,2108.290039,537.900024
128.699997,2114.48999,540.780029
125.800003,2089.459961,530.799988
125.010002,2080.149902,524.219971
125.260002,2088.0,530.700012
127.620003,2116.100098,538.219971
126.32,2105.330078,535.700012
125.870003,2099.1201170000004,529.039978
126.010002,2098.47998,529.619995
128.949997,2121.100098,538.400024
128.770004,2122.72998,533.849976
130.190002,2129.199951,532.299988
130.070007,2127.830078,537.3599849999998
130.059998,2125.850098,539.27002
131.389999,2130.820068,542.51001
132.53999299999998,2126.060059,540.1099849999998
129.619995,2104.199951,532.320007
132.03999299999998,2123.47998,539.789978
131.779999,2120.790039,539.780029
130.279999,2107.389893,532.1099849999998
130.53999299999998,2111.72998,533.98999
129.96000700000002,2109.600098,539.179993
130.119995,2114.070068,540.3099980000002
129.360001,2095.840088,536.700012
128.649994,2092.830078,533.330017
127.800003,2079.280029,526.830017
127.419998,2080.149902,526.6900019999998
128.880005,2105.199951,536.6900019999998
128.589996,2108.860107,534.6099849999998
127.169998,2094.110107,532.330017
126.919998,2084.429932,527.200012
127.599998,2096.290039,528.150024
127.300003,2100.439941,529.26001
127.879997,2121.23999,536.72998
126.599998,2109.98999,536.6900019999998
127.610001,2122.850098,538.1900019999998
127.029999,2124.199951,540.47998
128.110001,2108.580078,537.840027
127.5,2102.310059,535.22998
126.75,2101.48999,531.6900019999998
124.529999,2057.639893,521.52002
125.43,2063.110107,520.51001
126.599998,2077.419922,521.840027
126.440002,2076.780029,523.400024
126.0,2068.76001,522.8599849999998
125.690002,2081.340088,525.02002
122.57,2046.680054,516.830017
120.07,2051.310059,520.679993
123.279999,2076.6201170000004,530.130005
125.660004,2099.600098,546.549988
125.610001,2108.949951,561.099976
126.82,2107.399902,560.219971
128.509995,2124.290039,579.849976
129.619995,2126.639893,672.929993
132.070007,2128.280029,663.02002
130.75,2119.209961,662.299988
125.220001,2114.149902,662.099976
125.160004,2102.149902,644.280029
124.5,2079.649902,623.5599980000002
122.769997,2067.639893,627.26001
123.379997,2093.25,628.0
122.989998,2108.570068,631.929993
122.370003,2108.629883,632.590027
121.300003,2103.840088,625.6099849999998
118.440002,2098.040039,631.210022
114.639999,2093.320068,629.25
115.400002,2099.840088,643.780029
115.129997,2083.560059,642.679993
115.519997,2077.570068,635.299988
119.720001,2104.179932,633.72998
113.489998,2084.070068,660.780029
115.239998,2086.050049,659.5599980000002
115.150002,2083.389893,656.450012
115.959999,2091.540039,657.119995
117.160004,2102.439941,660.869995
116.5,2096.919922,656.130005
115.010002,2079.610107,660.900024
112.650002,2035.72998,646.830017
105.760002,1970.890015,612.47998
103.120003,1893.209961,589.6099849999998
103.739998,1867.609985,582.0599980000002
109.690002,1940.51001,628.619995
112.919998,1987.660034,637.6099849999998
113.290001,1988.869995,630.380005
112.760002,1972.180054,618.25
107.720001,1913.849976,597.789978
112.339996,1948.859985,614.340027
110.370003,1951.130005,606.25
109.269997,1921.219971,600.700012
112.309998,1969.410034,614.659973
110.150002,1942.040039,612.719971
112.57,1952.290039,621.349976
114.209999,1961.050049,625.77002
115.309998,1953.030029,623.23999
116.279999,1978.089966,635.1400150000002
116.410004,1995.310059,635.97998
113.919998,1990.199951,642.900024
113.449997,1958.030029,629.25
115.209999,1966.969971,635.4400019999998
113.400002,1942.73999,622.6900019999998
114.32,1938.76001,622.3599849999998
115.0,1932.23999,625.799988
114.709999,1931.339966,611.969971
112.440002,1881.77002,594.8900150000002
109.059998,1884.089966,594.969971
110.300003,1920.030029,608.419983
109.580002,1923.819946,611.289978
110.379997,1951.359985,626.909973
110.779999,1987.050049,641.469971
111.309998,1979.920044,645.4400019999998
110.779999,1995.829956,642.3599849999998
109.5,2013.430054,639.159973
112.120003,2014.890015,643.6099849999998
111.599998,2017.459961,646.669983
111.790001,2003.689941,652.299988
110.209999,1994.23999,651.159973
111.860001,2023.859985,661.73999
111.040001,2033.109985,662.200012
111.730003,2033.660034,666.099976
113.769997,2030.77002,650.280029
113.760002,2018.939941,642.6099849999998
115.5,2052.51001,651.789978
119.080002,2075.149902,702.0
115.279999,2071.179932,712.780029
114.550003,2065.889893,708.48999
119.269997,2090.350098,712.950012
120.529999,2089.409912,716.919983
119.5,2079.360107,710.8099980000002
121.18,2104.050049,721.1099849999998
122.57,2109.790039,722.159973
122.0,2102.310059,728.1099849999998
120.919998,2099.929932,731.25
121.059998,2099.199951,733.76001
120.57,2078.580078,724.8900150000002
116.769997,2081.719971,728.320007
116.110001,2075.0,735.400024
115.720001,2045.969971,731.22998
112.339996,2023.040039,717.0
114.18,2053.189941,728.960022
113.690002,2050.439941,725.299988
117.290001,2083.580078,740.0
118.779999,2081.23999,738.409973
119.300003,2089.169922,756.599976
117.75,2086.590088,755.97998
118.879997,2089.139893,748.280029
118.029999,2088.8701170000004,748.150024
117.809998,2090.110107,750.26001
118.300003,2080.409912,742.599976
117.339996,2102.629883,767.039978
116.279999,2079.51001,762.380005
115.199997,2049.6201170000004,752.539978
119.029999,2091.689941,766.8099980000002
118.279999,2077.070068,763.25
118.230003,2063.590088,762.369995
115.620003,2047.619995,751.6099849999998
116.169998,2052.22998,749.460022
113.18,2012.369995,738.869995
112.480003,2021.939941,747.77002
110.489998,2043.410034,743.400024
111.339996,2073.070068,758.090027
108.980003,2041.890015,749.429993
106.029999,2005.550049,739.3099980000002
107.330002,2021.150024,747.77002
107.230003,2038.969971,750.0
108.610001,2064.290039,750.3099980000002
108.029999,2060.98999,748.400024
106.82,2056.5,762.51001
108.739998,2078.360107,776.599976
107.32,2063.360107,771.0
105.260002,2043.939941,758.880005
105.349998,2012.660034,741.840027
102.709999,2016.709961,742.580017
100.699997,1990.26001,743.619995
96.449997,1943.089966,726.3900150000002
96.959999,1922.030029,714.469971
98.529999,1923.670044,716.030029
99.959999,1938.680054,726.070007
97.389999,1890.280029,700.5599980000002
99.519997,1921.839966,714.719971
97.129997,1880.329956,694.450012
96.660004,1881.329956,701.789978
96.790001,1859.329956,698.450012
96.300003,1868.98999,706.590027
101.419998,1906.900024,725.25
99.440002,1877.079956,711.669983
99.989998,1903.630005,713.039978
93.419998,1882.949951,699.98999
94.089996,1893.359985,730.960022
97.339996,1940.23999,742.950012
96.43,1939.380005,752.0
94.480003,1903.030029,764.650024
96.349998,1912.530029,726.950012
96.599998,1915.449951,708.01001
94.019997,1880.050049,683.570007
95.010002,1853.439941,682.73999
94.989998,1852.209961,678.1099849999998
94.269997,1851.859985,684.119995
93.699997,1829.079956,683.1099849999998
93.989998,1864.780029,682.400024
96.639999,1895.579956,691.0
98.120003,1926.819946,708.400024
96.260002,1917.829956,697.349976
96.040001,1917.780029,700.909973
96.879997,1945.5,706.460022
94.690002,1921.27002,695.849976
96.099998,1929.800049,699.5599980000002
96.760002,1951.699951,705.75
96.910004,1948.050049,705.070007
96.690002,1932.22998,697.77002
100.529999,1978.349976,718.8099980000002
100.75,1986.449951,718.849976
101.5,1993.400024,712.419983
103.010002,1999.98999,710.8900150000002
101.870003,2001.76001,695.159973
101.029999,1979.26001,693.969971
101.120003,1989.26001,705.23999
101.169998,1989.569946,712.820007
102.260002,2022.189941,726.820007
102.519997,2019.640015,730.48999
104.580002,2015.930054,728.330017
105.970001,2027.219971,736.090027
105.800003,2040.589966,737.780029
105.919998,2049.580078,737.599976
105.910004,2051.600098,742.090027
106.720001,2049.800049,740.75
106.129997,2036.709961,738.0599980000002
105.669998,2035.939941,735.299988
105.190002,2037.050049,733.530029
107.68,2055.01001,744.77002
109.559998,2063.949951,750.530029
108.989998,2059.73999,744.950012
109.989998,2072.780029,749.909973
111.120003,2066.129883,745.289978
109.809998,2045.170044,737.799988
110.959999,2066.659912,745.6900019999998
108.540001,2041.910034,740.280029
108.660004,2047.599976,739.150024
109.019997,2041.98999,736.099976
110.440002,2061.719971,743.090027
112.040001,2082.419922,751.719971
112.099998,2082.780029,753.200012
109.849998,2080.72998,759.0
107.480003,2094.340088,766.6099849999998
106.910004,2100.800049,753.929993
107.129997,2102.399902,752.669983
105.970001,2091.47998,759.1400150000002
105.68,2091.580078,718.77002
105.080002,2087.790039,723.150024
104.349998,2091.699951,708.1400150000002
97.82,2095.149902,705.840027
94.830002,2075.810059,691.02002
93.739998,2065.300049,693.01001
93.639999,2081.429932,698.210022
95.18,2063.3701170000004,692.3599849999998
94.190002,2051.1201170000004,695.700012
93.239998,2050.629883,701.429993
92.720001,2057.139893,711.119995
92.790001,2058.689941,712.900024
93.419998,2084.389893,723.179993
92.510002,2064.459961,715.289978
90.339996,2064.110107,713.3099980000002
90.519997,2046.609985,710.830017
93.879997,2066.659912,716.48999
93.489998,2047.209961,706.22998
94.559998,2047.630005,706.630005
94.199997,2040.040039,700.320007
95.220001,2052.320068,709.73999
96.43,2048.040039,704.23999
97.900002,2076.060059,720.090027
99.620003,2090.540039,725.27002
100.410004,2090.100098,724.119995
100.349998,2099.060059,732.659973
99.860001,2096.949951,735.719971
98.459999,2099.330078,734.150024
97.720001,2105.26001,730.400024
97.919998,2099.129883,722.340027
98.629997,2109.409912,716.549988
99.029999,2112.129883,716.650024
98.940002,2119.1201170000004,728.280029
99.650002,2115.47998,728.580017
98.830002,2096.070068,719.409973
97.339996,2079.060059,718.3599849999998
97.459999,2075.320068,718.27002
97.139999,2071.5,718.919983
97.550003,2077.98999,710.3599849999998
95.330002,2071.219971,691.719971
95.099998,2083.25,693.710022
95.910004,2088.899902,695.9400019999998
95.550003,2085.449951,697.460022
96.099998,2113.320068,701.869995
93.400002,2037.410034,675.219971
92.040001,2000.540039,668.26001
93.589996,2036.089966,680.039978
94.400002,2070.77002,684.1099849999998
95.599998,2098.860107,692.099976
95.889999,2102.949951,699.210022
94.989998,2088.550049,694.950012
95.529999,2099.72998,697.77002
95.940002,2097.899902,695.3599849999998
96.68,2129.899902,705.630005
96.980003,2137.159912,715.090027
97.419998,2152.139893,720.6400150000002
96.870003,2152.429932,716.97998
98.790001,2163.75,720.950012
98.779999,2161.73999,719.849976
99.830002,2166.889893,733.780029
99.870003,2163.780029,736.960022
99.959999,2173.02002,741.1900019999998
99.43,2165.169922,738.630005
98.660004,2175.030029,742.73999
97.339996,2168.47998,739.77002
96.669998,2169.179932,738.419983
102.949997,2166.580078,741.77002
104.339996,2170.060059,745.909973
104.209999,2173.600098,768.789978
106.050003,2170.840088,772.880005
104.480003,2157.030029,771.070007
105.790001,2163.790039,773.179993
105.870003,2164.25,771.6099849999998
107.480003,2182.8701170000004,782.219971
108.370003,2180.889893,781.76001
108.809998,2181.73999,784.26001
108.0,2175.48999,784.679993
107.93,2185.790039,784.849976
108.18,2184.050049,783.219971
109.480003,2190.149902,782.4400019999998
109.379997,2178.149902,777.1400150000002
109.220001,2182.219971,779.909973
109.080002,2187.02002,777.5
109.360001,2183.8701170000004,775.419983
108.510002,2182.639893,772.150024
108.849998,2186.899902,772.080017
108.029999,2175.439941,769.6400150000002
107.57,2172.469971,769.409973
106.940002,2169.040039,769.539978
106.82,2180.379883,772.150024
106.0,2176.1201170000004,769.090027
106.099998,2170.949951,767.049988
106.730003,2170.860107,768.780029
107.730003,2179.97998,771.460022
107.699997,2186.47998,780.080017
108.360001,2186.159912,780.349976
105.519997,2181.300049,775.320007
103.129997,2127.810059,759.659973
105.440002,2159.040039,769.02002
107.949997,2127.02002,759.6900019999998
111.769997,2125.77002,762.48999
115.57,2147.26001,771.76001
114.919998,2139.159912,768.880005
113.580002,2139.1201170000004,765.700012
113.57,2139.76001,771.409973
113.550003,2163.1201170000004,776.219971
114.620003,2177.179932,787.210022
112.709999,2164.689941,786.900024
112.879997,2146.100098,774.210022
113.089996,2159.929932,783.01001
113.949997,2171.3701170000004,781.5599980000002
112.18,2151.129883,775.01001
113.050003,2168.27002,777.289978
112.519997,2161.199951,772.5599980000002
113.0,2150.48999,776.429993
113.050003,2159.72998,776.469971
113.889999,2160.77002,776.8599849999998
114.059998,2153.73999,775.080017
116.050003,2163.659912,785.9400019999998
116.300003,2136.72998,783.070007
117.339996,2139.179932,786.1400150000002
116.980003,2132.550049,778.1900019999998
117.629997,2132.97998,778.530029
117.550003,2126.5,779.960022
117.470001,2139.600098,795.26001
117.120003,2144.290039,801.5
117.059998,2141.340088,796.969971
116.599998,2141.159912,799.369995
117.650002,2151.330078,813.1099849999998
118.25,2143.159912,807.669983
115.589996,2139.429932,799.070007
114.480003,2133.040039,795.349976
113.720001,2126.409912,795.369995
113.540001,2126.149902,784.539978
111.489998,2111.719971,783.6099849999998
111.589996,2097.939941,768.700012
109.830002,2088.659912,762.130005
108.839996,2085.179932,762.02002
110.410004,2131.52002,782.52002
111.059998,2139.560059,790.51001
110.879997,2163.26001,785.3099980000002
107.790001,2167.47998,762.5599980000002
108.43,2164.449951,754.02002
105.709999,2164.199951,736.080017
107.110001,2180.389893,758.48999
109.989998,2176.939941,764.47998
109.949997,2187.1201170000004,771.22998
110.059998,2181.899902,760.539978
111.730003,2198.179932,769.200012
111.800003,2202.939941,768.27002
111.230003,2204.719971,760.98999
111.790001,2213.350098,761.679993
111.57,2201.719971,768.23999
111.459999,2204.659912,770.840027
110.519997,2198.810059,758.039978
109.489998,2191.080078,747.919983
109.900002,2191.949951,750.5
109.110001,2204.709961,762.52002
109.949997,2212.22998,759.1099849999998
111.029999,2241.350098,771.1900019999998
112.120003,2246.189941,776.419983
113.949997,2259.530029,789.289978
113.300003,2256.959961,789.27002
115.190002,2271.719971,796.099976
115.190002,2253.280029,797.070007
115.82,2262.030029,797.849976
115.970001,2258.070068,790.799988
116.639999,2262.530029,794.200012
116.949997,2270.76001,796.419983
117.059998,2265.179932,794.5599980000002
116.290001,2260.959961,791.26001
116.519997,2263.790039,789.909973
117.260002,2268.879883,791.549988
116.760002,2249.919922,785.049988
116.730003,2249.26001,782.789978
115.82,2238.830078,771.820007
116.150002,2257.830078,786.1400150000002
116.019997,2270.75,786.900024
116.610001,2269.0,794.02002
117.910004,2276.97998,806.150024
118.989998,2268.899902,806.650024
119.110001,2268.899902,804.789978
119.75,2275.320068,807.909973
119.25,2270.439941,806.3599849999998
119.040001,2274.639893,807.880005
120.0,2267.889893,804.6099849999998
119.989998,2271.889893,806.070007
119.779999,2263.689941,802.174988
120.0,2271.310059,805.02002
120.080002,2265.199951,819.3099980000002
119.970001,2280.070068,823.869995
121.879997,2298.3701170000004,835.669983
121.940002,2296.679932,832.150024
121.949997,2294.689941,823.3099980000002
121.629997,2280.899902,802.320007
121.349998,2278.8701170000004,796.789978
128.75,2279.550049,795.695007
128.529999,2280.850098,798.530029
129.080002,2297.419922,801.48999
130.28999299999998,2292.560059,801.340027
131.529999,2293.080078,806.969971
132.03999299999998,2294.669922,808.380005
132.419998,2307.8701170000004,809.5599980000002
132.119995,2316.100098,813.669983
133.28999299999998,2328.25,819.23999
135.020004,2337.580078,820.450012
135.509995,2349.25,818.97998
135.350006,2347.219971,824.159973
135.720001,2351.159912,828.070007
136.699997,2365.379883,831.659973
137.110001,2362.820068,830.76001
136.529999,2363.810059,831.330017
136.660004,2367.340088,828.6400150000002
136.929993,2369.75,829.280029
136.990005,2363.639893,823.210022
139.78999299999998,2395.959961,835.23999
138.96000700000002,2381.919922,830.630005
139.779999,2383.1201170000004,829.080017
139.339996,2375.310059,827.780029
139.520004,2368.389893,831.909973
139.0,2362.97998,835.369995
138.679993,2364.8701170000004,838.679993
139.139999,2372.600098,843.25
139.199997,2373.469971,845.5399779999998
138.990005,2365.449951,845.6199949999999
140.46000700000002,2385.26001,847.2000119999999
140.690002,2381.379883,848.7800289999999
139.990005,2378.25,852.1199949999999
141.46000700000005,2373.469971,848.400024
139.839996,2344.02002,830.460022
141.419998,2348.449951,829.590027
140.919998,2345.959961,817.580017
140.639999,2343.97998,814.429993
140.880005,2341.590088,819.51001
143.800003,2358.570068,820.919983
144.119995,2361.129883,831.409973
143.929993,2368.060059,831.5
143.660004,2362.719971,829.5599980000002
143.699997,2358.840088,838.549988
144.770004,2360.159912,834.570007
144.020004,2352.949951,831.409973
143.660004,2357.48999,827.880005
143.339996,2355.540039,824.669983
143.169998,2357.159912,824.72998
141.630005,2353.780029,823.349976
141.800003,2344.929932,824.320007
141.050003,2328.949951,823.5599980000002
141.830002,2349.01001,837.169983
141.199997,2342.189941,836.820007
140.679993,2338.169922,838.210022
142.440002,2355.840088,841.650024
142.270004,2348.689941,843.1900019999998
143.639999,2374.149902,862.76001
144.529999,2388.610107,872.2999880000001
143.679993,2387.449951,871.7299800000002
143.78999299999995,2388.77002,874.25
143.649994,2384.199951,905.960022
146.580002,2388.330078,912.570007
147.509995,2391.169922,916.440002
147.059998,2388.129883,927.039978
146.529999,2389.52002,931.659973
148.96000700000005,2399.290039,927.130005
153.009995,2399.379883,934.299988
153.990005,2396.919922,932.169983
153.259995,2399.629883,928.780029
153.949997,2394.439941,930.599976
156.100006,2390.899902,932.219971
155.699997,2402.320068,937.080017
155.470001,2400.669922,943.0
150.25,2357.030029,919.619995
152.53999299999995,2365.719971,930.23999
153.059998,2381.72998,934.01001
153.990005,2394.02002,941.859985
153.800003,2398.419922,948.820007
153.339996,2404.389893,954.960022
153.869995,2415.070068,969.539978
153.610001,2415.820068,971.469971
153.669998,2412.909912,975.880005
152.759995,2411.800049,964.859985
153.179993,2430.060059,966.950012
155.449997,2439.070068,975.599976
153.929993,2436.100098,983.679993
154.449997,2429.330078,976.570007
155.369995,2433.139893,980.940002
154.990005,2433.790039,983.409973
148.979996,2431.77002,949.830017
145.419998,2429.389893,942.900024
146.589996,2440.350098,953.400024
145.160004,2437.919922,950.76001
144.28999299999995,2432.459961,942.309998
142.270004,2433.149902,939.780029
146.339996,2453.459961,957.369995
145.009995,2437.030029,950.630005
145.869995,2435.610107,959.450012
145.630005,2434.5,957.090027
146.279999,2438.300049,965.590027
145.820007,2439.070068,952.27002
143.729996,2419.379883,927.330017
145.830002,2440.689941,940.48999
143.679993,2419.699951,917.789978
144.020004,2423.409912,908.72998
143.5,2429.01001,898.7000119999999
144.089996,2432.540039,911.710022
142.729996,2409.75,906.690002
144.179993,2425.179932,918.590027
145.059998,2427.429932,928.799988
145.529999,2425.530029,930.090027
145.740005,2443.25,943.830017
147.770004,2447.830078,947.159973
149.03999299999995,2459.27002,955.98999
149.559998,2459.139893,953.419983
150.080002,2460.610107,965.400024
151.020004,2473.830078,970.890015
150.339996,2473.449951,968.150024
150.270004,2472.540039,972.919983
152.089996,2469.909912,980.340027
152.740005,2477.129883,950.700012
153.46000700000005,2477.830078,947.799988
150.559998,2475.419922,934.090027
149.5,2472.100098,941.530029
148.729996,2470.300049,930.5
150.050003,2476.350098,930.830017
157.139999,2477.570068,930.390015
155.570007,2472.159912,923.650024
156.389999,2476.830078,927.960022
158.809998,2480.909912,929.359985
160.080002,2474.919922,926.789978
161.059998,2474.02002,922.900024
155.320007,2438.209961,907.23999
157.479996,2441.320068,914.390015
159.850006,2465.840088,922.669983
161.600006,2464.610107,922.219971
160.949997,2468.110107,926.960022
157.860001,2430.01001,910.97998
157.5,2425.550049,910.669983
157.21000700000005,2428.3701170000004,906.659973
159.779999,2452.51001,924.690002
159.979996,2444.040039,927.0
159.270004,2438.969971,921.280029
159.860001,2443.050049,915.890015
161.470001,2444.23999,913.809998
162.910004,2446.300049,921.289978
163.350006,2457.590088,929.570007
164.0,2471.649902,939.330017
164.050003,2476.550049,937.340027
162.080002,2457.850098,928.450012
161.910004,2465.540039,927.809998
161.259995,2465.100098,935.950012
158.630005,2461.429932,926.5
161.5,2488.110107,929.080017
160.860001,2496.47998,932.070007
159.649994,2498.3701170000004,935.090027
158.279999,2495.6201170000004,925.109985
159.880005,2500.22998,920.289978
158.669998,2503.8701170000004,915.0
158.729996,2506.649902,921.809998
156.070007,2508.23999,931.580017
153.389999,2500.600098,932.450012
151.889999,2502.219971,928.530029
150.550003,2496.659912,920.969971
153.139999,2496.840088,924.859985
154.229996,2507.040039,944.48999
153.279999,2510.060059,949.5
154.119995,2519.360107,959.109985
153.809998,2529.1201170000004,953.27002
154.479996,2534.580078,957.789978
153.479996,2537.73999,951.679993
155.389999,2552.070068,969.960022
155.300003,2549.330078,978.890015
155.839996,2544.72998,977.0
155.899994,2550.639893,972.599976
156.550003,2555.23999,989.25
156.0,2550.929932,987.830017
156.990005,2553.169922,989.679993
159.880005,2557.639893,992.0
160.470001,2559.360107,992.179993
159.759995,2561.26001,992.809998
155.979996,2562.100098,984.450012
156.25,2575.209961,988.200012
156.169998,2564.97998,968.450012
157.100006,2569.129883,970.539978
156.410004,2557.149902,973.330017
157.410004,2560.399902,972.559998
163.050003,2581.070068,1019.27002
166.720001,2572.830078,1017.109985
169.03999299999995,2575.26001,1016.640015
166.889999,2579.360107,1025.5
168.110001,2579.850098,1025.579956
172.5,2587.840088,1032.47998
174.25,2591.129883,1025.900024
174.809998,2590.639893,1033.329956
176.240005,2594.379883,1039.849976
175.880005,2584.6201170000004,1031.26001
174.669998,2582.300049,1028.069946
173.970001,2584.840088,1025.75
171.339996,2578.8701170000004,1026.0
169.080002,2564.6201170000004,1020.909973
171.100006,2585.639893,1032.5
170.149994,2578.850098,1019.090027
169.979996,2582.139893,1018.380005
173.139999,2599.030029,1034.48999
174.96000700000005,2597.080078,1035.959961
174.970001,2602.419922,1040.609985
174.089996,2601.419922,1054.209961
173.070007,2627.040039,1047.410034
169.479996,2626.070068,1021.659973
171.850006,2647.580078,1021.409973
171.050003,2642.219971,1010.169983
169.800003,2639.439941,998.679993
169.639999,2629.570068,1005.150024
169.009995,2629.27002,1018.380005
169.320007,2636.97998,1030.930054
169.369995,2651.5,1037.050049
172.669998,2659.98999,1041.099976
171.699997,2664.110107,1040.47998
172.270004,2662.850098,1040.609985
172.220001,2652.01001,1049.150024
173.970001,2675.810059,1064.189941
176.419998,2690.159912,1077.140015
174.53999299999995,2681.469971,1070.680054
174.350006,2679.25,1064.949951
175.009995,2684.570068,1063.630005
175.009995,2683.340088,1060.119995
170.570007,2680.5,1056.73999
170.600006,2682.6201170000004,1049.369995
171.080002,2687.540039,1048.140015
169.229996,2673.610107,1046.400024
172.259995,2695.810059,1065.0
172.229996,2713.060059,1082.47998
173.029999,2723.98999,1086.400024
175.0,2743.149902,1102.22998
174.350006,2747.709961,1106.939941
174.330002,2751.290039,1106.26001
174.28999299999995,2748.22998,1102.609985
175.279999,2767.560059,1105.52002
177.089996,2786.23999,1122.26001
176.190002,2776.419922,1121.76001
179.100006,2802.560059,1131.97998
179.259995,2798.030029,1129.790039
178.46000700000005,2810.300049,1137.51001
177.0,2832.969971,1155.810059
177.03999299999995,2839.129883,1169.969971
174.220001,2837.540039,1164.23999
171.110001,2839.25,1170.369995
171.509995,2872.8701170000004,1175.839966
167.96000700000005,2853.530029,1175.579956
166.970001,2822.429932,1163.689941
167.429993,2823.810059,1169.939941
167.779999,2821.97998,1167.699951
160.5,2762.129883,1111.900024
156.490005,2648.939941,1055.800049
163.029999,2695.139893,1080.599976
159.53999299999995,2681.659912,1048.579956
155.149994,2581.0,1001.52002
156.410004,2619.550049,1037.780029
162.71000700000005,2656.0,1051.939941
164.339996,2662.939941,1052.099976
167.369995,2698.629883,1069.699951
172.990005,2731.199951,1089.52002
172.429993,2732.219971,1094.800049
171.850006,2716.26001,1102.459961
171.070007,2701.330078,1111.339966
172.5,2703.959961,1106.630005
175.5,2747.300049,1126.790039
178.970001,2779.600098,1143.75
178.389999,2744.280029,1118.290039
178.119995,2713.830078,1104.72998
175.0,2677.669922,1069.52002
176.21000700000005,2691.25,1078.920044
176.820007,2720.939941,1090.930054
176.669998,2728.1201170000004,1095.060059
175.029999,2726.800049,1109.640015
176.940002,2738.969971,1126.0
179.979996,2786.570068,1160.040039
181.720001,2783.02002,1164.5
179.970001,2765.310059,1138.170044
178.440002,2749.47998,1149.48999
178.649994,2747.330078,1149.579956
178.020004,2752.01001,1135.72998
175.300003,2712.919922,1099.819946
175.240005,2716.939941,1097.709961
171.270004,2711.929932,1090.880005
168.850006,2643.689941,1049.079956
164.940002,2588.26001,1021.570007
172.770004,2658.550049,1053.209961
168.339996,2612.6201170000004,1005.099976
166.479996,2605.0,1004.559998
167.779999,2640.8701170000004,1031.790039
166.679993,2581.879883,1006.469971
168.389999,2614.449951,1013.409973
171.610001,2644.689941,1025.140015
172.800003,2662.840088,1027.810059
168.380005,2604.469971,1007.039978
170.050003,2613.159912,1015.450012
173.25,2656.8701170000004,1031.640015
172.440002,2642.189941,1019.969971
174.139999,2663.98999,1032.51001
174.729996,2656.300049,1029.27002
175.820007,2677.840088,1037.97998
178.240005,2706.389893,1074.160034
177.839996,2708.639893,1072.079956
172.800003,2693.129883,1087.699951
165.720001,2670.139893,1072.959961
165.240005,2670.290039,1067.449951
162.940002,2634.560059,1019.97998
163.649994,2639.399902,1021.179993
164.220001,2666.939941,1040.040039
162.320007,2669.909912,1030.050049
165.259995,2648.050049,1017.330017
169.100006,2654.800049,1037.310059
176.570007,2635.669922,1024.380005
176.889999,2629.72998,1023.719971
183.830002,2663.419922,1048.209961
185.160004,2672.629883,1054.790039
186.050003,2671.919922,1053.910034
187.360001,2697.790039,1082.76001
190.039993,2723.070068,1097.569946
188.589996,2727.719971,1098.26001
188.149994,2730.129883,1100.199951
186.440002,2711.449951,1079.22998
188.179993,2722.459961,1081.77002
186.990005,2720.129883,1078.589966
186.309998,2712.969971,1066.359985
187.630005,2733.01001,1079.579956
187.160004,2724.439941,1069.72998
188.360001,2733.290039,1079.689941
188.149994,2727.76001,1079.23999
188.580002,2721.330078,1075.660034
187.899994,2689.860107,1060.319946
187.5,2724.01001,1067.800049
186.869995,2705.27002,1084.98999
190.240005,2734.6201170000004,1119.5
191.830002,2746.8701170000004,1139.290039
193.309998,2748.800049,1139.660034
193.979996,2772.350098,1136.880005
193.460007,2770.3701170000004,1123.859985
191.699997,2779.030029,1120.869995
191.229996,2782.0,1129.98999
192.279999,2786.850098,1139.319946
190.699997,2775.629883,1134.790039
190.800003,2782.48999,1152.119995
188.839996,2779.659912,1152.26001
188.740005,2773.75,1173.459961
185.690002,2762.590088,1168.060059
186.5,2767.320068,1169.839966
185.460007,2749.76001,1157.660034
184.919998,2754.879883,1155.47998
182.169998,2717.070068,1124.810059
184.429993,2723.060059,1118.459961
184.160004,2699.629883,1103.97998
185.5,2716.310059,1114.219971
185.110001,2718.3701170000004,1115.650024
187.179993,2726.709961,1127.459961
183.919998,2713.219971,1102.890015
185.399994,2736.610107,1124.27002
187.970001,2759.820068,1140.170044
190.580002,2784.169922,1154.050049
190.350006,2793.840088,1152.839966
187.880005,2774.02002,1153.900024
191.029999,2798.290039,1183.47998
191.330002,2801.310059,1188.819946
190.910004,2798.429932,1183.859985
191.449997,2809.550049,1198.800049
190.399994,2815.6201170000004,1195.880005
191.880005,2804.48999,1186.959961
191.440002,2801.830078,1184.910034
191.610001,2806.97998,1205.5
193.0,2820.399902,1248.079956
194.820007,2846.070068,1263.699951
194.210007,2837.439941,1268.329956
190.979996,2818.820068,1238.5
189.910004,2802.600098,1219.73999
190.289993,2816.290039,1217.26001
201.5,2813.360107,1220.01001
207.389999,2827.219971,1226.150024
207.990005,2840.350098,1223.709961
209.070007,2850.399902,1224.77002
207.110001,2858.449951,1242.219971
207.25,2857.699951,1245.609985
208.880005,2853.580078,1249.099976
207.529999,2833.280029,1237.609985
208.869995,2821.929932,1235.01001
209.75,2839.959961,1242.099976
210.240005,2818.3701170000004,1214.380005
213.320007,2840.689941,1206.48999
217.580002,2850.129883,1200.959961
215.460007,2857.050049,1207.77002
215.039993,2862.959961,1201.619995
215.050003,2861.820068,1207.329956
215.490005,2856.97998,1205.380005
216.160004,2874.689941,1220.650024
217.940002,2896.73999,1241.819946
219.699997,2897.52002,1231.150024
222.979996,2914.040039,1249.300049
225.02999900000003,2901.129883,1239.119995
227.630005,2901.52002,1218.189941
228.360001,2896.719971,1197.0
226.869995,2888.600098,1186.47998
223.100006,2878.050049,1171.439941
221.300003,2871.679932,1164.829956
218.330002,2877.129883,1164.640015
223.850006,2887.889893,1177.359985
221.070007,2888.919922,1162.819946
226.410004,2904.179932,1175.329956
223.839996,2904.97998,1172.530029
217.880005,2888.800049,1156.050049
218.240005,2904.310059,1161.219971
218.369995,2907.949951,1171.089966
220.02999900000003,2930.75,1186.869995
217.660004,2929.669922,1166.089966
220.789993,2919.3701170000004,1173.369995
222.190002,2915.560059,1184.650024
220.419998,2905.969971,1180.48999
224.949997,2914.0,1194.640015
225.740005,2913.97998,1193.469971
227.25999500000003,2924.590088,1195.310059
229.27999900000003,2923.429932,1200.109985
232.070007,2925.51001,1202.949951
227.990005,2901.610107,1168.189941
224.289993,2885.570068,1157.349976
223.770004,2884.429932,1148.969971
226.869995,2880.340088,1138.819946
216.360001,2785.679932,1081.219971
214.449997,2728.3701170000004,1079.319946
222.110001,2767.129883,1110.079956
217.360001,2750.790039,1092.25
222.149994,2809.919922,1121.280029
221.190002,2809.209961,1115.689941
216.020004,2768.780029,1087.969971
219.309998,2767.780029,1096.459961
220.649994,2755.879883,1101.160034
222.729996,2740.689941,1103.689941
215.089996,2656.100098,1050.709961
219.800003,2705.570068,1095.569946
216.300003,2658.689941,1071.469971
212.240005,2641.25,1020.080017
213.300003,2682.629883,1036.209961
218.860001,2711.73999,1076.77002
222.220001,2740.3701170000004,1070.0
207.479996,2723.060059,1057.790039
201.589996,2738.310059,1040.089966
203.770004,2755.449951,1055.810059
209.949997,2813.889893,1093.390015
208.490005,2806.830078,1082.400024
204.470001,2781.01001,1066.150024
194.169998,2726.219971,1038.630005
192.229996,2722.179932,1036.050049
186.800003,2701.580078,1043.660034
191.410004,2730.199951,1064.709961
193.529999,2736.27002,1061.48999
185.860001,2690.72998,1020.0
176.979996,2641.889893,1025.76001
176.779999,2649.929932,1037.609985
172.28999299999995,2632.560059,1023.880005
174.619995,2673.449951,1048.619995
174.240005,2682.169922,1044.410034
180.940002,2743.790039,1086.22998
179.550003,2737.800049,1088.300049
178.580002,2760.169922,1094.430054
184.820007,2790.3701170000004,1106.430054
176.690002,2700.060059,1050.819946
174.720001,2695.949951,1068.72998
168.490005,2633.080078,1036.579956
169.600006,2637.719971,1039.550049
168.630005,2636.780029,1051.75
169.100006,2651.070068,1063.680054
170.949997,2650.540039,1061.900024
165.479996,2599.949951,1042.099976
163.940002,2545.939941,1016.530029
166.070007,2546.159912,1028.709961
160.889999,2506.959961,1023.01001
156.830002,2467.419922,1009.409973
150.729996,2416.6201170000004,979.539978
146.830002,2351.100098,976.219971
157.169998,2467.699951,1039.459961
156.149994,2488.830078,1043.880005
156.229996,2485.73999,1037.079956
157.740005,2506.850098,1035.609985
157.919998,2510.030029,1045.849976
142.190002,2447.889893,1016.059998
148.259995,2531.939941,1070.709961
147.929993,2549.689941,1068.390015
150.75,2574.409912,1076.280029
153.309998,2584.959961,1074.660034
153.800003,2596.639893,1070.329956
152.28999299999995,2596.26001,1057.189941
150.0,2582.610107,1044.689941
153.070007,2610.300049,1077.150024
154.940002,2616.100098,1080.969971
155.860001,2635.959961,1089.900024
156.820007,2670.709961,1098.26001
153.300003,2632.899902,1070.52002
153.919998,2638.699951,1075.569946
152.699997,2642.330078,1073.900024
157.759995,2664.76001,1090.98999
156.300003,2643.850098,1070.079956
154.679993,2640.0,1060.619995
165.25,2681.050049,1089.060059
166.440002,2704.100098,1116.369995
166.520004,2706.530029,1110.75
171.25,2724.8701170000004,1132.800049
174.179993,2737.699951,1145.98999
174.240005,2731.610107,1115.22998
170.940002,2706.050049,1098.709961
170.410004,2707.879883,1095.060059
169.429993,2709.800049,1095.01001
170.889999,2744.72998,1121.369995
170.179993,2753.030029,1120.160034
170.800003,2745.72998,1121.670044
170.419998,2775.600098,1113.650024
170.929993,2779.76001,1118.560059
172.029999,2784.699951,1113.800049
171.059998,2774.879883,1096.969971
172.970001,2792.669922,1110.369995
174.229996,2796.110107,1109.400024
174.330002,2793.899902,1115.130005
174.869995,2792.379883,1116.050049
173.149994,2784.48999,1119.920044
174.970001,2803.689941,1140.98999
175.850006,2792.810059,1147.800049
175.529999,2789.649902,1162.030029
174.520004,2771.449951,1157.859985
172.5,2748.929932,1143.300049
172.910004,2743.070068,1142.319946
178.899994,2783.300049,1175.76001
180.910004,2791.52002,1193.199951
181.710007,2810.919922,1193.319946
183.729996,2808.47998,1185.550049
186.119995,2822.47998,1184.459961
188.020004,2832.939941,1184.26001
186.529999,2832.570068,1198.849976
188.160004,2824.22998,1223.969971
195.089996,2854.879883,1231.540039
191.050003,2800.709961,1205.5
188.740005,2798.360107,1193.0
186.789993,2818.459961,1184.619995
188.470001,2805.3701170000004,1173.02002
188.720001,2815.439941,1168.48999
189.949997,2834.399902,1173.310059
191.240005,2867.189941,1194.430054
194.020004,2867.23999,1200.48999
195.350006,2873.399902,1205.920044
195.690002,2879.389893,1215.0
197.0,2892.73999,1207.150024
200.100006,2895.77002,1203.839966
199.5,2878.199951,1197.25
200.619995,2888.209961,1202.160034
198.949997,2888.320068,1204.619995
198.869995,2907.409912,1217.869995
199.229996,2905.580078,1221.099976
199.25,2907.060059,1227.130005
203.130005,2900.449951,1236.339966
203.860001,2905.030029,1236.369995
204.529999,2907.969971,1248.839966
207.479996,2933.679932,1264.550049
207.160004,2927.25,1256.0
205.279999,2926.169922,1263.449951
204.300003,2939.879883,1272.180054
204.610001,2943.030029,1287.579956
200.669998,2945.830078,1188.47998
210.520004,2923.72998,1168.079956
209.149994,2917.52002,1162.609985
211.75,2945.639893,1185.400024
208.479996,2932.469971,1189.390015
202.860001,2884.050049,1174.099976
202.899994,2879.419922,1166.27002
200.720001,2870.719971,1162.380005
197.179993,2881.399902,1164.27002
185.720001,2811.8701170000004,1132.030029
188.660004,2834.409912,1120.439941
190.919998,2850.959961,1164.209961
190.080002,2876.320068,1178.97998
189.0,2859.530029,1162.300049
183.089996,2840.22998,1138.849976
186.600006,2864.360107,1149.630005
182.779999,2856.27002,1151.420044
179.660004,2822.23999,1140.77002
178.970001,2826.060059,1133.469971
178.229996,2802.389893,1134.150024
177.380005,2783.02002,1116.459961
178.300003,2788.860107,1117.949951
175.070007,2752.060059,1103.630005
173.300003,2744.449951,1036.22998
179.639999,2803.27002,1053.050049
182.539993,2826.149902,1042.219971
185.220001,2843.48999,1044.339966
190.149994,2873.340088,1066.040039
192.580002,2886.72998,1080.380005
194.809998,2885.719971,1078.719971
194.190002,2879.840088,1077.030029
194.149994,2891.639893,1088.77002
192.740005,2886.97998,1085.349976
193.889999,2889.669922,1092.5
198.449997,2917.75,1103.599976
197.869995,2926.459961,1102.329956
199.460007,2954.179932,1111.420044
198.779999,2950.459961,1121.880005
198.580002,2945.350098,1115.52002
195.570007,2917.379883,1086.349976
199.800003,2913.780029,1079.800049
199.740005,2924.919922,1076.01001
197.919998,2941.76001,1080.910034
201.550003,2964.330078,1097.949951
202.729996,2973.01001,1111.25
204.410004,2995.820068,1121.579956
204.229996,2990.409912,1131.589966
200.020004,2975.949951,1116.349976
201.240005,2979.629883,1124.829956
203.229996,2993.070068,1140.47998
201.75,2999.909912,1144.209961
203.300003,3013.77002,1144.900024
205.210007,3014.300049,1150.339966
204.5,3004.040039,1153.579956
203.350006,2984.419922,1146.349976
205.660004,2995.110107,1146.329956
202.589996,2976.610107,1130.099976
207.220001,2985.030029,1138.069946
208.839996,3005.469971,1146.209961
208.669998,3019.560059,1137.810059
207.020004,3003.669922,1132.119995
207.740005,3025.860107,1250.410034
209.679993,3020.969971,1239.410034
208.779999,3013.179932,1225.140015
213.039993,2980.379883,1216.680054
208.429993,2953.560059,1209.01001
204.020004,2932.050049,1193.98999
193.339996,2844.73999,1152.319946
197.0,2881.77002,1169.949951
199.039993,2883.97998,1173.98999
203.429993,2938.090088,1204.800049
200.990005,2918.649902,1188.01001
200.479996,2882.699951,1174.709961
208.970001,2926.320068,1197.27002
202.75,2840.600098,1164.290039
201.740005,2847.600098,1167.26001
206.5,2888.679932,1177.599976
210.350006,2923.649902,1198.449951
210.360001,2900.51001,1182.689941
212.639999,2924.429932,1191.25
212.460007,2922.949951,1189.530029
202.639999,2847.110107,1151.290039
206.490005,2878.379883,1168.890015
204.160004,2869.159912,1167.839966
205.529999,2887.939941,1171.02002
209.009995,2924.580078,1192.849976
208.740005,2926.459961,1188.099976
205.699997,2906.27002,1168.390015
209.190002,2937.780029,1181.410034
213.27999900000003,2976.0,1211.380005
213.25999500000003,2978.709961,1204.930054
214.169998,2978.429932,1204.410034
216.699997,2979.389893,1206.0
223.589996,3000.929932,1220.170044
223.089996,3009.570068,1234.25
218.75,3007.389893,1239.560059
219.899994,2997.959961,1231.300049
220.699997,3005.699951,1229.150024
222.770004,3006.72998,1232.410034
220.960007,3006.790039,1238.709961
217.729996,2992.070068,1229.930054
218.720001,2991.780029,1234.030029
217.679993,2966.600098,1218.76001
221.02999900000003,2984.8701170000004,1246.52002
219.889999,2977.6201170000004,1241.390015
218.820007,2961.790039,1225.089966
223.970001,2976.73999,1219.0
224.589996,2940.25,1205.099976
218.960007,2887.610107,1176.630005
220.820007,2910.629883,1187.829956
227.00999500000003,2952.01001,1209.0
227.059998,2938.790039,1207.680054
224.399994,2893.060059,1189.130005
227.02999900000003,2919.399902,1202.310059
230.089996,2938.129883,1208.670044
236.210007,2970.27002,1215.449951
235.869995,2966.149902,1217.140015
235.320007,2995.679932,1243.01001
234.369995,2989.689941,1243.640015
235.27999900000003,2997.949951,1253.069946
236.410004,2986.199951,1245.48999
240.50999500000003,3006.719971,1246.150024
239.960007,2995.98999,1242.800049
243.179993,3004.52002,1259.130005
243.580002,3010.290039,1260.98999
246.580002,3022.550049,1265.130005
249.050003,3039.419922,1290.0
243.289993,3036.889893,1262.619995
243.25999500000003,3046.77002,1261.290039
248.75999500000003,3037.560059,1260.109985
255.820007,3066.909912,1273.73999
257.5,3078.27002,1291.369995
257.130005,3074.6201170000004,1292.030029
257.23999,3076.780029,1291.800049
259.429993,3085.179932,1308.859985
260.140015,3093.080078,1311.369995
262.200012,3087.01001,1299.189941
261.959991,3091.840088,1298.800049
264.470001,3094.040039,1298.0
262.640015,3096.629883,1311.459961
265.76001,3120.459961,1334.869995
267.100006,3122.030029,1320.699951
266.290009,3120.179932,1315.459961
263.190002,3108.459961,1303.050049
262.01001,3103.540039,1301.349976
261.77999900000003,3110.290039,1295.339966
266.369995,3133.639893,1306.689941
264.290009,3140.52002,1313.550049
267.839996,3153.629883,1312.98999
267.25,3140.97998,1304.959961
264.160004,3113.8701170000004,1289.920044
259.450012,3093.199951,1295.280029
261.73999,3112.76001,1320.540039
265.579987,3117.429932,1328.130005
270.709991,3145.909912,1340.619995
266.920013,3135.959961,1343.560059
268.480011,3132.52002,1344.660034
270.769989,3141.629883,1345.02002
271.459991,3168.570068,1350.27002
275.149994,3168.800049,1347.829956
279.859985,3191.449951,1361.170044
280.410004,3192.52002,1355.119995
279.73999,3191.139893,1352.619995
280.019989,3205.3701170000004,1356.040039
279.440002,3221.219971,1349.589966
284.0,3224.01001,1348.839966
284.269989,3223.379883,1343.560059
289.910004,3239.909912,1360.400024
289.799988,3240.02002,1351.890015
291.519989,3221.290039,1336.140015
293.649994,3230.780029,1337.02002
300.350006,3257.850098,1367.369995
297.429993,3234.850098,1360.660034
299.799988,3246.280029,1394.209961
298.390015,3237.179932,1393.339966
303.190002,3253.050049,1404.319946
309.630005,3274.699951,1419.829956
310.329987,3265.350098,1429.72998
316.959991,3288.129883,1439.22998
312.679993,3283.149902,1430.880005
311.339996,3289.290039,1439.199951
315.23999,3316.810059,1451.699951
318.730011,3329.6201170000004,1480.390015
316.570007,3320.790039,1484.400024
317.700012,3321.75,1485.949951
319.230011,3325.540039,1486.650024
318.309998,3295.469971,1466.709961
308.950012,3243.629883,1433.900024
317.690002,3276.23999,1452.560059
324.339996,3273.399902,1458.630005
323.869995,3283.659912,1455.839966
309.51001,3225.52002,1434.22998
308.660004,3248.919922,1485.939941
318.850006,3297.590088,1447.069946
321.450012,3334.689941,1448.22998
325.209991,3345.780029,1476.22998
320.0299990000001,3327.709961,1479.22998
321.549988,3352.090088,1508.680054
319.609985,3357.75,1508.790039
327.200012,3379.449951,1518.27002
324.869995,3373.939941,1514.660034
324.950012,3380.159912,1520.73999
319.0,3370.290039,1519.670044
323.619995,3386.149902,1526.689941
320.299988,3373.22998,1518.150024
313.049988,3337.75,1485.109985
298.179993,3225.889893,1421.589966
288.079987,3128.209961,1388.449951
292.649994,3116.389893,1393.180054
273.519989,2978.76001,1318.089966
273.359985,2954.219971,1339.329956
298.809998,3090.22998,1389.109985
289.320007,3003.3701170000004,1341.390015
302.73999,3130.1201170000004,1386.52002
292.920013,3023.939941,1319.040039
289.0299990000001,2972.3701170000004,1298.410034
266.170013,2746.560059,1215.560059
285.339996,2882.22998,1280.390015
275.429993,2741.379883,1215.410034
248.229996,2480.639893,1114.910034
277.970001,2711.02002,1219.72998
242.210007,2386.129883,1084.329956
252.860001,2529.189941,1119.800049
246.669998,2398.100098,1096.800049
244.77999900000003,2409.389893,1115.290039
229.240005,2304.919922,1072.319946
224.369995,2237.399902,1056.619995
246.880005,2447.330078,1134.459961
245.520004,2475.560059,1102.48999
258.440002,2630.070068,1161.75
247.740005,2541.469971,1110.709961
254.809998,2626.649902,1146.819946
254.289993,2584.590088,1162.810059
240.910004,2470.5,1105.619995
244.929993,2526.899902,1120.839966
241.410004,2488.649902,1097.880005
262.470001,2663.679932,1186.920044
259.429993,2659.409912,1186.51001
266.070007,2749.97998,1210.280029
267.98999,2789.820068,1211.449951
273.25,2761.629883,1217.560059
287.049988,2846.060059,1269.22998
284.429993,2783.360107,1262.469971
286.690002,2799.550049,1263.469971
282.799988,2874.560059,1283.25
276.929993,2823.159912,1266.609985
268.369995,2736.560059,1216.339966
276.100006,2799.310059,1263.209961
275.02999900000003,2797.800049,1276.310059
282.970001,2836.73999,1279.310059
283.170013,2878.47998,1275.880005
278.579987,2863.389893,1233.670044
287.730011,2939.51001,1341.47998
293.799988,2912.429932,1348.660034
289.070007,2830.709961,1320.609985
293.160004,2842.73999,1326.800049
297.559998,2868.439941,1351.109985
300.630005,2848.419922,1347.300049
303.73999,2881.189941,1372.560059
310.130005,2929.800049,1388.369995
315.01001,2930.189941,1403.26001
311.410004,2870.1201170000004,1375.73999
307.649994,2820.0,1349.329956
309.540009,2852.5,1356.130005
307.709991,2863.699951,1373.189941
314.959991,2953.909912,1383.939941
313.140015,2922.939941,1373.484985
319.230011,2971.610107,1406.719971
316.850006,2948.51001,1402.800049
318.890015,2955.449951,1410.420044
316.730011,2991.77002,1417.02002
318.109985,3036.129883,1417.839966
318.25,3029.72998,1416.72998
317.940002,3044.310059,1428.920044
321.850006,3055.72998,1431.819946
323.339996,3080.820068,1439.219971
325.119995,3122.8701170000004,1436.380005
322.320007,3112.350098,1412.180054
331.5,3193.929932,1438.390015
333.459991,3232.389893,1446.609985
343.98999,3207.179932,1456.160034
352.839996,3190.139893,1465.849976
335.899994,3002.100098,1403.839966
338.799988,3041.310059,1413.180054
342.98999,3066.590088,1419.849976
352.079987,3124.73999,1442.719971
351.589996,3113.48999,1451.119995
351.730011,3115.340088,1435.959961
349.720001,3097.73999,1431.719971
358.869995,3117.860107,1451.859985
366.529999,3131.290039,1464.410034
360.059998,3050.330078,1431.969971
364.839996,3083.76001,1441.329956
353.630005,3009.050049,1359.900024
361.779999,3053.23999,1394.969971
364.799988,3100.290039,1413.609985
364.109985,3115.860107,1438.040039
364.109985,3130.01001,1464.699951
373.850006,3179.719971,1495.699951
372.690002,3145.320068,1485.180054
381.369995,3169.939941,1496.0
383.01001,3152.050049,1510.98999
383.679993,3185.040039,1541.73999
381.910004,3155.219971,1511.339966
388.230011,3197.52002,1520.579956
390.899994,3226.560059,1513.640015
386.089996,3215.570068,1518.0
385.309998,3224.72998,1515.550049
393.429993,3251.840088,1565.719971
388.0,3257.300049,1558.420044
389.089996,3276.02002,1568.48999
371.380005,3235.659912,1515.680054
370.459991,3215.629883,1511.869995
379.23999,3239.409912,1530.199951
373.01001,3218.439941,1500.339966
380.160004,3258.439941,1522.02002
384.76001,3246.219971,1531.449951
425.040009,3271.1201170000004,1482.959961
435.75,3294.610107,1474.449951
438.660004,3306.51001,1464.969971
440.25,3327.77002,1473.609985
455.609985,3349.159912,1500.099976
444.450012,3351.280029,1494.48999
450.910004,3360.469971,1496.099976
437.5,3333.689941,1480.319946
